wp_id,x,y,z,yaw,velocity,change_flag
0,1.36383033,-0.315548,-0.0357042,0.010212547687759,16,0
1,2.37947106,-0.30517536,-0.01239246,0.010212547687759,16,0
2,3.42615008,-0.28752166,0.01302865,0.016864794206211,16,0
3,4.4705286,-0.26917535,0.020753,0.017564918117855,16,0
4,5.51857471,-0.25574785,0.0417202,0.012811235360151,16,0
5,6.52801752,-0.23038894,0.06504459,0.025116407887748,16,0
6,7.56453323,-0.2139836,0.09463082,0.0158260701378,16,0
7,8.56778812,-0.1910823,0.11385871,0.022823037026424,16,0
8,9.71551991,-0.16533308,0.13362306,0.02243111279544,16,0
9,10.97670937,-0.15471224,0.1765036,0.008421089200005,16,0
10,12.02672863,-0.13775663,0.21453294,0.016146500473062,16,0
11,13.12613297,-0.12201194,0.25013715,0.014320130618198,16,0
12,14.45940685,-0.10328703,0.2882607,0.014043385466295,16,0
13,15.49202347,-0.07934313,0.32070628,0.023183444520014,16,0
14,16.53093719,-0.06113724,0.36069834,0.01752217376741,16,0
15,17.7672081,-0.02574997,0.39793622,0.028616389553329,16,0
16,18.83971405,0.02109737,0.43216509,0.043652512786989,16,0
17,19.92677689,0.06411071,0.47361332,0.039547771679193,16,0
18,21.21016502,0.1326005,0.52166724,0.053315813267461,16,0
19,22.31753731,0.1983635,0.56674629,0.059316865398021,16,0
20,23.43963432,0.28544253,0.60588998,0.077448608476539,16,0
21,24.57200432,0.38566202,0.65619242,0.08827418613895,16,0
22,25.90175056,0.51272887,0.70819157,0.095267950050932,16,0
23,27.24708176,0.68133467,0.74684316,0.124676567847375,16,0
24,28.61027908,0.87835902,0.78588796,0.143537104967717,16,0
25,29.60103226,1.0336535,0.82305145,0.155478798020304,16,0
26,30.59967613,1.19667363,0.86107779,0.161814249648652,16,0
27,31.59870529,1.38192606,0.88639736,0.183349878124369,16,0
28,32.80705643,1.62635684,0.92109221,0.199591285010423,16,0
29,33.82673645,1.84630489,0.95209992,0.212448012428477,16,0
30,35.05076981,2.14318013,0.99047506,0.237943859296365,16,0
31,36.07044983,2.40275168,1.02625811,0.24926746330611,16,0
32,37.30610275,2.74107695,1.06092417,0.267252873896502,16,0
33,38.54824066,3.10697579,1.10142517,0.286469414212438,16,0
34,39.790905,3.50266767,1.14359701,0.308271024673317,16,0
35,41.03474808,3.92020822,1.18718088,0.323866343560247,16,0
36,42.27365494,4.37131739,1.22999835,0.349196953172527,16,0
37,43.50998306,4.83132648,1.26444793,0.356205461443766,16,0
38,44.94911957,5.39060736,1.31663632,0.370659905066633,16,0
39,46.1826973,5.89137554,1.36486638,0.385623261629046,16,0
40,47.42566299,6.39461422,1.42118752,0.384697010170727,16,0
41,48.6629715,6.91346931,1.48341393,0.397068296194609,16,0
42,50.11659622,7.52914953,1.55923903,0.400640367782191,16,0
43,51.57144928,8.16701794,1.64817023,0.413200671583815,16,0
44,53.01222992,8.82581806,1.74233508,0.428868467492294,16,0
45,54.42914963,9.50872803,1.82448864,0.449118233001746,16,0
46,55.83773804,10.20290661,1.91065013,0.457886008755576,16,0
47,57.23310089,10.92760181,1.98250794,0.479015127829878,16,0
48,58.41818237,11.56794739,2.03763723,0.49539558573678,16,0
49,59.79002762,12.33495808,2.10027456,0.509809589078397,24,0
50,61.15248871,13.13725567,2.15572119,0.532187373814587,24,0
51,62.49534988,13.95917511,2.20392632,0.549244230194617,24,0
52,63.64958572,14.68226528,2.24445534,0.559653233875336,24,0
53,64.98058319,15.55013847,2.28578687,0.577813039699653,24,0
54,66.12467957,16.29855728,2.32052565,0.579292086212411,24,0
55,67.24793243,17.06909752,2.35014009,0.601261271483618,24,0
56,68.3837204,17.84129906,2.39300847,0.59709580987121,24,0
57,69.5275116,18.60498428,2.42428637,0.588703034826938,24,0
58,70.66337585,19.38132668,2.46230626,0.599553600650029,24,0
59,71.81281281,20.15972328,2.50021076,0.595258245416776,24,0
60,72.95742035,20.93876266,2.54320025,0.597598464128797,24,0
61,73.91566467,21.58977318,2.57830787,0.596751499849518,24,0
62,75.06248474,22.37162018,2.61728191,0.598373786561719,24,0
63,76.40901184,23.28076744,2.64763474,0.59387285175002,24,0
64,77.56464386,24.06745148,2.6752274,0.597681968553428,24,0
65,78.52825928,24.72198486,2.70219374,0.596661923582503,24,0
66,79.69548798,25.51015091,2.73307538,0.593918375877845,24,0
67,80.87595367,26.30744171,2.76393533,0.594026897588108,24,0
68,82.03990936,27.10197449,2.78920937,0.598962152607768,24,0
69,83.01247406,27.76905251,2.8196609,0.601197189957851,24,0
70,84.18539429,28.5729847,2.8549614,0.600867299223943,24,0
71,85.17214203,29.23741722,2.8848269,0.592619399885391,24,0
72,86.35858917,30.04643822,2.91564155,0.598464788632943,24,0
73,87.54501343,30.85709,2.9442718,0.59941142210913,24,0
74,88.53837585,31.54438019,2.97311926,0.605257254998917,24,0
75,89.74271393,32.36375427,2.99909496,0.597417465695681,24,0
76,90.74934387,33.05511475,3.02436709,0.601816609417297,24,0
77,91.97245789,33.87952805,3.04829764,0.593081725600135,24,0
78,93.19730377,34.71181488,3.06929207,0.596836939496206,24,0
79,94.23227692,35.40524292,3.08012605,0.590304099176237,24,0
80,95.4929657,36.25024414,3.09234595,0.590492716955165,24,0
81,96.54517365,36.9513855,3.10180306,0.587785046997743,24,0
82,97.81136322,37.79646301,3.10894322,0.588522467523836,24,0
83,98.84867096,38.48981476,3.11100101,0.589211809753657,24,0
84,100.09453583,39.33161926,3.11546397,0.594215859675402,24,0
85,101.3581543,40.17242432,3.13201046,0.587121509143993,24,0
86,102.63529205,41.02155304,3.12621546,0.586756718065119,24,0
87,103.90558624,41.89253235,3.12803268,0.601031151252613,24,0
88,105.15745544,42.77330017,3.12669563,0.6131126886471,24,0
89,106.41153717,43.66413116,3.12304783,0.617635388295409,24,0
90,107.66968536,44.5981369,3.1108036,0.638597060973627,24,0
91,108.91929626,45.56184387,3.1034081,0.65693515871348,24,0
92,110.15964508,46.56249237,3.09345651,0.678841843722757,24,0
93,110.96608734,47.24463654,3.09328103,0.702090667305286,24,0
94,112.13618469,48.28978729,3.08653879,0.729054878442877,24,0
95,113.27742767,49.35959625,3.07923007,0.753101689365623,24,0
96,114.39208984,50.48418427,3.07189226,0.789830801177549,24,0
97,115.65683746,51.85577393,3.06759882,0.8259026942335,24,0
98,116.70929718,53.07414246,3.06430364,0.858329504812197,24,0
99,117.38504028,53.9070816,3.06021953,0.889217807755063,24,0
100,118.51777649,55.40333557,3.05359769,0.922799679630531,24,0
101,119.125,56.27858734,3.0416007,0.964263750500576,24,0
102,120.00334167,57.63084412,3.02458048,0.994746212198371,24,0
103,120.55383301,58.55330658,3.01261878,1.03276047292596,24,0
104,121.46183777,60.20929718,2.98130631,1.06924757500254,24,0
105,122.17102051,61.66954803,2.94998884,1.11868787819012,24,0
106,122.61569214,62.6639328,2.9217248,1.15028776846837,24,0
107,123.33853149,64.41668701,2.87995625,1.17964449601912,24,0
108,123.96811676,66.21746063,2.83126259,1.23446067287229,24,0
109,124.28754425,67.24639893,2.81288195,1.26978584040943,24,0
110,124.58126831,68.29131317,2.78382206,1.29676906779574,24,0
111,124.83602905,69.33964539,2.76060438,1.33240225148096,24,0
112,125.20861053,71.19112396,2.71960688,1.37221396994612,24,0
113,125.38806152,72.25370789,2.69535136,1.40349325029171,24,0
114,125.52362823,73.32051849,2.66230774,1.44439716269579,24,0
115,125.63524628,74.38509369,2.62827253,1.4663305069758,24,0
116,125.71645355,75.44934082,2.59200811,1.49463900586346,24,0
117,125.77184296,76.51229858,2.55340338,1.51873465489634,24,0
118,125.79710388,77.57242584,2.51656437,1.54697263913522,24,0
119,125.79788971,78.63153076,2.46680522,1.57005435133905,24,0
120,125.75992584,79.69319916,2.42258978,1.60653978599636,24,0
121,125.68470764,80.74742126,2.37288618,1.64202510247279,24,0
122,125.58592224,81.79308319,2.31348944,1.66498841503276,24,0
123,125.45557404,82.83714294,2.26633072,1.69500111786461,24,0
124,125.24658966,84.13220215,2.20224094,1.73078761437717,24,0
125,125.03329468,85.16504669,2.15337086,1.7744456869244,24,0
126,124.78520966,86.17849731,2.08173513,1.81086775547042,24,0
127,124.45762634,87.45057678,1.98479652,1.8228381124666,24,0
128,124.17304993,88.46161652,1.92499352,1.8451667728923,24,0
129,123.74615479,89.71417999,1.83006382,1.89926714687022,24,0
130,123.29721069,90.9593277,1.72319055,1.91684305058415,24,0
131,122.81040955,92.19116211,1.61117196,1.94714402067644,24,0
132,122.40290833,93.17319489,1.52396095,1.96412966959611,24,0
133,121.85573578,94.38748932,1.41169786,1.99415695970623,24,0
134,121.28148651,95.60543823,1.29125118,2.01137594324952,24,0
135,120.80032349,96.56788635,1.21340764,2.03439319722832,24,0
136,120.16744995,97.76428986,1.10095453,2.05735826252036,24,0
137,119.51552582,98.95236206,0.98933434,2.07265961424213,24,0
138,118.83677673,100.14811707,0.87257636,2.08707590822807,24,0
139,118.28488159,101.09099579,0.78295827,2.10035917324411,24,0
140,117.56260681,102.26959229,0.66901797,2.12059349402954,24,0
141,116.8210907,103.43605042,0.54104465,2.13705224146757,24,0
142,116.06306458,104.59805298,0.41066796,2.14881802189462,24,0
143,115.28247833,105.74494171,0.28902173,2.16839136650468,24,0
144,114.62580872,106.65797424,0.18265176,2.19430430278374,24,0
145,113.79699707,107.78414917,0.04533803,2.20524647818791,24,0
146,112.940979,108.89840698,-0.08971691,2.22586956827201,24,0
147,112.06246185,109.99661255,-0.2236917,2.24551100278118,24,0
148,111.35435486,110.8516922,-0.33616078,2.26244889368153,24,0
149,110.4653244,111.88684082,-0.481933,2.28040203274994,24,0
150,109.5557785,112.90122986,-0.61748505,2.30175421713558,24,0
151,108.62554169,113.91220093,-0.75595176,2.31462874120401,24,0
152,107.67199707,114.90190125,-0.89102435,2.33759079900075,24,0
153,106.70718384,115.86859131,-1.0262363,2.3552227965799,24,0
154,105.72197723,116.81427765,-1.1620574,2.37665898713599,24,0
155,104.55031586,117.89666748,-1.32374859,2.3957787322183,24,0
156,103.57592773,118.74747467,-1.45453572,2.42379964317385,24,0
157,102.80216217,119.41384125,-1.56637788,2.43063247909829,24,0
158,101.81908417,120.21491241,-1.69491696,2.45785605169428,24,0
159,100.81613922,121.01195526,-1.82190883,2.47009025744063,24,0
160,100.00128937,121.62834167,-1.92421281,2.49398158476665,24,0
161,98.98962402,122.38565826,-2.05791664,2.49899834033676,24,0
162,97.97727203,123.10944366,-2.18065357,2.52090060089253,24,0
163,96.20226288,124.31411743,-2.40751553,2.54531510226526,24,0
164,94.48731232,125.40197754,-2.60363364,2.57630578644261,8,0
165,93.02471161,126.27519989,-2.77747679,2.60335689084511,8,0
166,92.14031982,126.78986359,-2.8809402,2.61455779457909,8,0
167,90.63172913,127.63274384,-3.05787015,2.63207905259111,8,0
168,89.3657608,128.30297852,-3.2123611,2.6546834561021,8,0
169,88.02156067,128.97953796,-3.36524582,2.67529457328759,8,0
170,86.7779541,129.58406067,-3.51140308,2.68912313747775,8,0
171,85.75028229,130.0599823,-3.6339817,2.70789286579954,8,0
172,84.66931915,130.56283569,-3.76952648,2.70617865926315,8,0
173,83.65709686,131.07279968,-3.89557862,2.67490462468707,8,0
174,82.64530182,131.61872864,-4.03396082,2.64679641958932,8,0
175,81.40608978,132.39613342,-4.21342468,2.5813138593612,8,0
176,80.34217072,133.25495911,-4.39275932,2.46245965991266,8,0
177,79.44295502,134.16275024,-4.56621981,2.35144887137005,8,0
178,78.83155823,135.06628418,-4.71280336,2.16569426055696,8,0
179,78.35868073,136.0920105,-4.85561657,2.00277431350621,8,0
180,78.0526123,137.16073608,-4.99158859,1.84971722825824,8,0
181,77.92991638,138.37008667,-5.13169003,1.67190639275193,8,0
182,77.96585846,139.71482849,-5.26177597,1.54407482205826,8,0
183,78.14653015,140.94207764,-5.37850189,1.42462944238169,8,0
184,78.39345551,142.04811096,-5.48487282,1.3511452361287,8,0
185,78.804039,143.35464478,-5.58529711,1.26631429953971,8,0
186,79.28215027,144.72010803,-5.7061739,1.23399159338561,8,0
187,79.76591492,145.95542908,-5.79445362,1.19754316431887,8,0
188,80.33125305,147.26823425,-5.88849592,1.16416358982303,8,0
189,80.82064056,148.45420837,-5.98029804,1.17943596045018,8,0
190,81.43351746,149.82794189,-6.08166265,1.15115735992724,8,0
191,81.90834808,150.89483643,-6.15369034,1.15205923936417,8,0
192,82.32805634,151.84315491,-6.22048283,1.15412868755836,8,0
193,82.81406403,152.90393066,-6.28496075,1.14117521737704,8,0
194,83.45835114,154.31893921,-6.36284828,1.14352393231698,8,0
195,84.08660889,155.6730957,-6.43521976,1.13640424384074,8,0
196,84.69686127,156.95471191,-6.48833275,1.12640322871468,8,0
197,85.21674347,158.02449036,-6.52943373,1.11843409590075,8,0
198,85.68965149,158.97602844,-6.554142,1.10955699516644,8,0
199,86.16499329,159.89425659,-6.59466124,1.09311058964448,8,0
200,86.79265594,161.07778931,-6.61841345,1.08318032085825,8,0
201,87.48373413,162.29692078,-6.63042164,1.05510016752664,8,0
202,88.21087646,163.51365662,-6.65081978,1.03213068845949,8,0
203,88.80039978,164.40699768,-6.6566577,0.987487089227965,8,0
204,89.67324829,165.52938843,-6.64520121,0.909820928536611,8,0
205,90.66304779,166.56677246,-6.61326694,0.80886707611117,8,0
206,91.88285065,167.46232605,-6.5622735,0.6332985122677,8,0
207,92.78401947,167.95794678,-6.51397133,0.502824364659592,8,0
208,94.23421478,168.4515686,-6.42701864,0.328081773407932,8,0
209,95.59734344,168.64822388,-6.33845997,0.143279014267434,8,0
210,96.81815338,168.62004089,-6.2503438,-0.023081385616425,8,0
211,98.06536102,168.39498901,-6.16546917,-0.178523548974903,8,0
212,99.33679199,167.94313049,-6.07616472,-0.341471767395737,8,0
213,100.49868011,167.3573761,-5.9900322,-0.466954199018493,8,0
214,101.70254517,166.58081055,-5.90079021,-0.572894826529988,8,0
215,102.68742371,165.87585449,-5.83425617,-0.621238043979251,8,0
216,103.58306122,165.19848633,-5.76990986,-0.647519163423403,8,0
217,104.49120331,164.4828186,-5.70028114,-0.667416081134624,8,0
218,105.43836975,163.74162292,-5.62842369,-0.664003594214126,8,0
219,106.54212189,162.88517761,-5.54049301,-0.659897000718633,24,0
220,107.66242218,161.98861694,-5.44755983,-0.674915325615297,24,0
221,108.79808807,161.04995728,-5.35391283,-0.690708550316189,24,0
222,109.84541321,160.18423462,-5.26281691,-0.690753422432664,24,0
223,111.0380249,159.19590759,-5.1611166,-0.692002444816598,24,0
224,112.39628601,158.0765686,-5.04370403,-0.689262543242668,24,0
225,113.80692291,156.91828918,-4.91925621,-0.687477344982315,24,0
226,115.28105927,155.71531677,-4.76883221,-0.684452593892153,24,0
227,116.12460327,155.03016663,-4.68531656,-0.682152753038265,24,0
228,116.99813843,154.31781006,-4.60833883,-0.684113156820301,24,0
229,117.8908844,153.56808472,-4.51356459,-0.698540762006995,24,0
230,118.80551147,152.80201721,-4.43081236,-0.697235530111428,24,0
231,119.75222015,152.03338623,-4.3411293,-0.681953892749164,24,0
232,120.89192963,151.09783936,-4.24141788,-0.68733425684585,24,0
233,121.90929413,150.26626587,-4.15730953,-0.685249081069626,24,0
234,122.96639252,149.43325806,-4.05978012,-0.667389251114905,24,0
235,124.23215485,148.4337616,-3.94210935,-0.668391816172788,24,0
236,125.54304504,147.40852356,-3.82821035,-0.663726266179514,24,0
237,126.69973755,146.51083374,-3.71280074,-0.65998655458007,24,0
238,128.09220886,145.45252991,-3.57572985,-0.649882118479437,24,0
239,129.31867981,144.5304718,-3.4598546,-0.644650681172116,24,0
240,130.77215576,143.4307251,-3.31924105,-0.64773221940943,24,0
241,132.03997803,142.46629333,-3.19773912,-0.650313696608242,24,0
242,133.54916382,141.32237244,-3.05171204,-0.648583830020034,24,0
243,134.86250305,140.31729126,-2.92642403,-0.653213091546572,24,0
244,136.19541931,139.27909851,-2.80287266,-0.661734676716607,24,0
245,137.525177,138.23529053,-2.67976713,-0.665503338044936,24,0
246,138.63117981,137.33343506,-2.56979775,-0.684072185241017,24,0
247,139.9677124,136.2396698,-2.43849897,-0.685836435748089,24,0
248,141.30096436,135.11456299,-2.31442165,-0.700931281520103,24,0
249,142.62640381,133.96025085,-2.17318106,-0.716497541403038,24,0
250,143.93934631,132.7668457,-2.03281999,-0.737740434751632,24,0
251,145.23214722,131.55523682,-1.88959825,-0.752989887761729,24,0
252,146.73323059,130.08740234,-1.72366083,-0.774199638619243,24,0
253,147.99108887,128.77328491,-1.57345331,-0.807268579835675,24,0
254,149.21052551,127.43737793,-1.43009996,-0.830945770156632,24,0
255,150.41625977,126.07183838,-1.29962897,-0.847468568925421,24,0
256,151.57975769,124.65992737,-1.16746378,-0.881556474702739,24,0
257,152.70266724,123.20043945,-1.02636981,-0.915003193526085,24,0
258,153.93130493,121.45153046,-0.87442303,-0.95838332978337,24,0
259,154.92520142,119.88616943,-0.74644017,-1.0050873590929,24,0
260,155.84475708,118.28458405,-0.60864115,-1.04959853681559,24,0
261,156.69578552,116.64504242,-0.48396504,-1.0920134185916,24,0
262,157.46170044,114.97202301,-0.36254907,-1.1414716044999,24,0
263,158.06199646,113.55523682,-0.27303338,-1.17002508531066,24,0
264,158.68400574,111.81071472,-0.1620934,-1.22829831495224,24,0
265,159.22654724,110.04027557,-0.06549561,-1.27343760128106,24,0
266,159.67469788,108.22395325,0.02204263,-1.32889277483489,24,0
267,160.04016113,106.3697052,0.11008251,-1.37619547053678,24,0
268,160.26759338,104.80828094,0.17331541,-1.42615657159828,24,0
269,160.46574402,102.89885712,0.24794006,-1.46739136952708,24,0
270,160.5884552,100.96357727,0.31640005,-1.50747363891706,24,0
271,160.6401825,99.02617645,0.38041508,-1.54410334030441,24,0
272,160.61767578,97.07148743,0.44272941,-1.582310038297,24,0
273,160.53639221,95.11508942,0.50574869,-1.61232000827479,24,0
274,160.40840149,93.13619232,0.56272662,-1.63538416997808,24,0
275,160.16944885,90.83335876,0.61731958,-1.67419091579964,24,0
276,159.90640259,88.86112976,0.65704817,-1.70338890589972,24,0
277,159.58363342,86.8829422,0.69098532,-1.73253516673296,24,0
278,159.20944214,84.92455292,0.72690427,-1.75959169578235,24,0
279,158.79562378,82.95497894,0.74890572,-1.777889579435,24,0
280,158.33792114,81.00618744,0.77089989,-1.8014802145003,24,0
281,157.84873962,79.0615921,0.7823683,-1.8172422580237,24,0
282,157.43652344,77.43670654,0.78562069,-1.81924430443441,24,0
283,156.83462524,75.16524506,0.78004551,-1.8298259763417,24,0
284,156.3006897,73.23055267,0.77401674,-1.84007299159049,24,0
285,155.74888611,71.29953766,0.76866668,-1.84913668901538,24,0
286,155.07846069,69.04941559,0.75634468,-1.86037196017841,24,0
287,154.38922119,66.81536865,0.72985005,-1.87004765021607,24,0
288,153.77772522,64.90387726,0.70785701,-1.88041324373117,24,0
289,153.00726318,62.67568207,0.68288815,-1.90370542524601,24,0
290,152.30601501,60.79069519,0.65386534,-1.92694967160483,24,0
291,151.57885742,58.89956665,0.62747049,-1.93787824042163,24,0
292,150.54725647,56.38113403,0.58123046,-1.95956839713079,24,0
293,149.75309753,54.50127411,0.54450828,-1.97051058965294,24,0
294,148.78663635,52.30117798,0.51005298,-1.98470094887849,24,0
295,147.78404236,50.14176178,0.46386623,-2.00546955048695,24,0
296,146.89974976,48.29001617,0.43973666,-2.0163194323178,24,0
297,145.98583984,46.44570923,0.41238642,-2.03086176431852,24,0
298,144.90922546,44.2937851,0.39092463,-2.0346864112224,24,0
299,143.96856689,42.46620941,0.36005396,-2.04613697820946,24,0
300,142.99850464,40.66788483,0.32583451,-2.06548473550101,24,0
301,141.98506165,38.87335205,0.30159336,-2.08488514716366,24,0
302,140.92037964,37.1102066,0.27292782,-2.11404465726781,24,0
303,139.63856506,35.09615326,0.2366876,-2.13757652852101,24,0
304,138.4775238,33.42014313,0.20628369,-2.17663397865398,24,0
305,137.49414063,32.02720642,0.19835174,-2.18552335246405,24,0
306,136.25790405,30.41178322,0.17091525,-2.22399947279482,24,0
307,135.2171936,29.07971001,0.15307611,-2.23401249106195,24,0
308,133.91616821,27.52915192,0.13727045,-2.26891011427122,24,0
309,132.56950378,26.03588676,0.11428994,-2.30461901450908,24,0
310,131.39906311,24.82993889,0.09129202,-2.34125393758938,24,0
311,129.9630127,23.42923927,0.07349515,-2.3686555670827,24,0
312,128.74671936,22.29179955,0.04688102,-2.38968347868432,24,0
313,127.2609787,20.96047783,0.02800018,-2.41095527786442,24,0
314,125.9972229,19.89916992,0.01561695,-2.44304741487443,24,0
315,124.71659088,18.85397339,0.00589538,-2.45707735374838,24,0
316,123.16803741,17.62327957,-0.0232079,-2.47006867890059,24,0
317,121.85176849,16.63637733,-0.03706414,-2.49823716012321,24,0
318,120.53600311,15.65530872,-0.05636281,-2.50089691764431,24,0
319,119.21619415,14.68140697,-0.07738972,-2.50587340678522,24,0
320,117.61091614,13.53644466,-0.09713835,-2.52203023544672,24,0
321,116.01083374,12.40871429,-0.12393993,-2.52765568941355,24,0
322,114.66163635,11.46738434,-0.14040029,-2.53241450884572,24,0
323,113.06847382,10.3423996,-0.16992158,-2.52676238720313,24,0
324,111.72562408,9.40405464,-0.19329423,-2.53169174539713,24,0
325,110.11898041,8.27922058,-0.22235757,-2.53079004388272,24,0
326,108.78570557,7.33364582,-0.26321894,-2.52471073622456,24,0
327,107.1738739,6.21885681,-0.30643564,-2.53650714831053,24,0
328,105.84300995,5.29478598,-0.34782106,-2.53467608749763,24,0
329,104.23474884,4.17742014,-0.41204166,-2.53438779096566,24,0
330,102.88283539,3.25092697,-0.44885176,-2.5407872110467,24,0
331,101.53466034,2.31435847,-0.50614893,-2.53443695619337,24,0
332,99.91162872,1.1934011,-0.57988739,-2.53716504542003,24,0
333,98.55142212,0.25909108,-0.64162636,-2.53972078753676,24,0
334,97.18313599,-0.67533499,-0.71222121,-2.54242392853496,24,0
335,95.52885437,-1.79173398,-0.79955405,-2.54794311911535,24,0
336,94.14248657,-2.73920178,-0.88631082,-2.54208290167983,24,0
337,92.46950531,-3.8765676,-0.9984321,-2.54452286185821,24,0
338,91.07008362,-4.83661318,-1.10543919,-2.54030403438131,24,0
339,89.37299347,-5.99966145,-1.24584174,-2.54078775485004,24,0
340,87.9479599,-6.97387409,-1.37322545,-2.54192986075745,24,0
341,86.23396301,-8.16255665,-1.54359901,-2.53523230834938,24,0
342,84.80950928,-9.1828146,-1.6959964,-2.52004696370511,24,0
343,83.08195496,-10.42031002,-1.89090741,-2.51999219155569,24,0
344,81.35418701,-11.70002079,-2.09110689,-2.50408770978071,24,0
345,79.91049957,-12.78929996,-2.28189349,-2.49521025793441,24,0
346,78.15354919,-14.11935806,-2.50369978,-2.49360969348679,24,0
347,76.69800568,-15.26756287,-2.69881797,-2.47368785764227,24,0
348,74.93945313,-16.68193436,-2.93439269,-2.46424641608186,24,0
349,73.18193054,-18.14190483,-3.16639495,-2.44841168343923,24,0
350,71.43050385,-19.64717293,-3.39309788,-2.43163644151478,24,0
351,69.69655609,-21.19294739,-3.62127733,-2.4135064251542,24,0
352,68.2747879,-22.47777939,-3.80001783,-2.40674481946327,24,0
353,66.85413361,-23.80797768,-3.97552085,-2.38906554220423,24,0
354,65.19850922,-25.45792007,-4.17377996,-2.35791340703233,24,0
355,63.8463707,-26.8827877,-4.32309151,-2.33001072086141,24,0
356,62.54535675,-28.3432579,-4.47677088,-2.29851558537663,24,0
357,61.28170776,-29.86447716,-4.6142168,-2.26396765822607,24,0
358,59.82033539,-31.73254585,-4.76611423,-2.23464511912845,24,0
359,58.89652634,-33.02223969,-4.85353565,-2.19237901932137,24,0
360,57.78992081,-34.68179321,-4.95731354,-2.15889759033463,24,0
361,56.74763107,-36.37785339,-5.06574774,-2.12183542898364,24,0
362,55.7769928,-38.11915588,-5.15634441,-2.07931904960671,24,0
363,54.8678627,-39.89781952,-5.21538353,-2.04330902043249,24,0
364,54.02467346,-41.69584656,-5.28949213,-2.00929887837539,24,0
365,53.38917542,-43.14437866,-5.31686354,-1.98422917310836,24,0
366,52.65303421,-44.98781586,-5.32502556,-1.95072565469649,24,0
367,52.1065712,-46.477211,-5.33890867,-1.92244911343663,24,0
368,51.61466217,-47.97168732,-5.35683823,-1.88877846560142,24,0
369,51.17514038,-49.46163177,-5.3501668,-1.85765237653656,24,0
370,50.67166519,-51.33246613,-5.32106209,-1.83368590228387,24,0
371,50.30139542,-52.846138,-5.29486609,-1.8107021919002,24,0
372,50.04705811,-53.9718399,-5.26660585,-1.79300210183894,24,0
373,49.7367363,-55.48396301,-5.2300868,-1.77320852023631,24,0
374,49.44702148,-56.99165344,-5.17331934,-1.76064028401726,24,0
375,49.12752533,-58.90123749,-5.0885601,-1.73657274036869,24,0
376,48.89608002,-60.43520355,-5.05205679,-1.72054712442314,24,0
377,48.69076157,-61.94596863,-5.02190447,-1.70587239882516,24,0
378,48.47275162,-63.8260498,-4.96814728,-1.68623848267375,24,0
379,48.32209778,-65.3316803,-4.89007998,-1.67052468221604,24,0
380,48.17538071,-67.23694611,-4.78525782,-1.64765074207638,24,0
381,48.0830574,-68.76424408,-4.71018124,-1.63117164726342,24,0
382,47.99495316,-70.69335175,-4.65080833,-1.61643559351189,24,0
383,47.95571899,-72.21805573,-4.6042738,-1.5965229690077,24,0
384,47.95522308,-74.11386108,-4.52082825,-1.5710579095511,24,0
385,47.95384216,-76.02757263,-4.4167676,-1.57151791922105,24,0
386,47.9889679,-77.56814575,-4.33605289,-1.54799983981189,24,0
387,48.04489517,-79.48170471,-4.24737215,-1.5415778105006,24,0
388,48.09332275,-80.9994812,-4.16022015,-1.53890022323742,24,0
389,48.14052582,-82.90412903,-4.04419613,-1.54601830287594,24,0
390,48.18725967,-84.42480469,-3.95727921,-1.54007370355925,24,0
391,48.24056244,-86.3234024,-3.8346386,-1.54272888943645,24,0
392,48.2838707,-87.83827209,-3.74979258,-1.54221534243766,24,0
393,48.33306885,-89.73636627,-3.62942433,-1.54488236673286,24,0
394,48.37665176,-91.25154877,-3.54396915,-1.54204012339662,24,0
395,48.43056488,-93.14039612,-3.43831396,-1.5422612065636,24,0
396,48.46894836,-94.64235687,-3.35765243,-1.54524630669876,24,0
397,48.51114273,-96.5171051,-3.23464298,-1.54829343976336,24,0
398,48.52380753,-98.39217377,-3.11427689,-1.56404211687428,24,0
399,48.53086472,-99.89221954,-3.01460767,-1.56609171172613,24,0
400,48.52786255,-101.75959015,-2.90038991,-1.57240402448348,24,0
401,48.52251053,-103.25467682,-2.81641412,-1.57437605046334,24,0
402,48.51025772,-105.11349487,-2.70716691,-1.57738795233882,24,0
403,48.47413254,-106.60811615,-2.61906505,-1.59496174463919,24,0
404,48.44380569,-108.46316528,-2.51877046,-1.58714314379492,24,0
405,48.40472412,-109.94544983,-2.44031215,-1.59715598754688,24,0
406,48.34498978,-111.79750061,-2.3431747,-1.60303822883129,24,0
407,48.26961517,-113.65218353,-2.23874855,-1.61141413453921,24,0
408,48.17313766,-115.49217987,-2.14560604,-1.62318188813953,24,0
409,48.08982849,-116.97369385,-2.0702219,-1.62696962452023,24,0
410,47.9584465,-118.81763458,-1.968696,-1.64192677885361,24,0
411,47.80716324,-120.64931488,-1.88159013,-1.65320190063233,24,0
412,47.67366791,-122.11421967,-1.80438817,-1.66167433070785,24,0
413,47.51786041,-123.57315063,-1.73129952,-1.67718873368283,24,0
414,47.27991486,-125.40003204,-1.64110303,-1.70031407129535,24,0
415,47.01398087,-127.22415924,-1.55456698,-1.71556343366526,24,0
416,46.78902054,-128.66833496,-1.4863466,-1.72532520274042,24,0
417,46.53846359,-130.1096344,-1.41377413,-1.74291722148998,24,0
418,46.27043152,-131.54216003,-1.34168005,-1.75576223429629,24,0
419,45.89311981,-133.32575989,-1.25822997,-1.77926784522632,24,0
420,45.57099152,-134.73699951,-1.18028545,-1.7952106569,24,0
421,45.13650513,-136.49464417,-1.09110391,-1.81313615768167,24,0
422,44.76771927,-137.88632202,-1.01841736,-1.82983616886315,24,0
423,44.26401138,-139.61676025,-0.91925913,-1.85405603447913,24,0
424,43.83972168,-140.98382568,-0.85084563,-1.87173525338928,24,0
425,43.27778244,-142.67204285,-0.75376278,-1.89212043292807,24,0
426,42.80436707,-144.00715637,-0.68424046,-1.91155268113687,24,0
427,42.18183517,-145.64950562,-0.59539485,-1.93311263516342,24,0
428,41.51090622,-147.26396179,-0.49894613,-1.96465760957746,24,0
429,40.80510712,-148.84861755,-0.41160467,-1.98981484888953,24,0
430,40.06276703,-150.40357971,-0.31745592,-2.01620163044955,24,0
431,39.44813919,-151.62214661,-0.24307963,-2.03794641651115,24,0
432,38.80323029,-152.83221436,-0.1681833,-2.06045728176566,24,0
433,37.97679901,-154.31359863,-0.06739926,-2.07966756639323,24,0
434,37.29362106,-155.46929932,0.01763541,-2.10467375433024,24,0
435,36.60524368,-156.61891174,0.08946443,-2.11032626026948,24,0
436,35.89135742,-157.74298096,0.16561168,-2.13661921398805,24,0
437,34.98418427,-159.13970947,0.26782268,-2.14681895746259,24,0
438,34.2414093,-160.22790527,0.34872651,-2.16973150707068,24,0
439,33.48195267,-161.30047607,0.42527902,-2.18691877388432,24,0
440,32.70125961,-162.35527039,0.49362141,-2.20795563773082,24,0
441,31.6945076,-163.64837646,0.58600897,-2.23232252982585,24,0
442,30.64432335,-164.91636658,0.67176533,-2.26251373054364,24,0
443,29.57294083,-166.15011597,0.7469697,-2.28587350591821,24,0
444,28.69992065,-167.12568665,0.81437778,-2.30077633503953,24,0
445,27.57208443,-168.31945801,0.88526702,-2.32780148292366,24,0
446,26.65223312,-169.259552,0.92739367,-2.34531143852023,24,0
447,25.47356796,-170.40852356,0.99319255,-2.36895077175452,24,0
448,24.51263428,-171.31668091,1.04457355,-2.38442335107098,24,0
449,23.29348564,-172.42059326,1.09749246,-2.40575922803234,24,0
450,22.29209137,-173.27711487,1.14374387,-2.4340129252887,24,0
451,21.02736282,-174.33277893,1.19219649,-2.44605062705116,24,0
452,19.73096466,-175.3740387,1.24109316,-2.46490692637658,24,0
453,18.41310501,-176.39118958,1.28786647,-2.48427215868402,24,0
454,17.35760689,-177.19139099,1.31751466,-2.49291065057763,24,0
455,15.73476028,-178.37971497,1.36487412,-2.50955084856817,24,0
456,14.37449551,-179.36146545,1.39953113,-2.51642799357773,24,0
457,12.99455452,-180.33982849,1.42990494,-2.52485921772392,24,0
458,11.89061928,-181.11990356,1.44686437,-2.52643007820362,24,0
459,10.48956299,-182.08648682,1.4664309,-2.53768007194633,24,0
460,9.07856178,-183.05703735,1.47740102,-2.53907088088709,24,0
461,7.66499043,-184.01998901,1.49816418,-2.54358290734666,24,0
462,6.53514242,-184.80487061,1.5143168,-2.53444681553481,24,0
463,5.39620972,-185.59466553,1.52617562,-2.53527499369632,24,0
464,3.96946311,-186.58135986,1.54821849,-2.53654723241512,24,0
465,2.54691243,-187.57551575,1.57479668,-2.53163592054322,24,0
466,1.40385079,-188.36334229,1.58369124,-2.53813496821907,24,0
467,-0.0405564,-189.35435486,1.60383201,-2.54025433395511,24,0
468,-1.20192456,-190.14761353,1.62068462,-2.54234147220485,24,0
469,-2.64611959,-191.14085388,1.63499665,-2.53913781386273,24,0
470,-3.81149817,-191.92749023,1.65408063,-2.54783956277893,24,0
471,-5.26063347,-192.93157959,1.67235661,-2.53565538878846,24,0
472,-6.43095732,-193.73095703,1.68561244,-2.54234048593688,24,0
473,-7.88648081,-194.72970581,1.69691575,-2.54020328702496,24,0
474,-9.04336071,-195.53715515,1.70192671,-2.53224093933344,24,0
475,-10.50105572,-196.54127502,1.70745027,-2.53839537955223,24,0
476,-11.65857124,-197.33642578,1.71473098,-2.53968153493219,24,0
477,-13.11236954,-198.338974,1.7183646,-2.53787655573228,24,0
478,-14.2892952,-199.13618469,1.72906017,-2.54621861521513,24,0
479,-15.45162487,-199.9380188,1.72962832,-2.53771072615508,24,0
480,-16.90873337,-200.9390564,1.73342693,-2.53964301609396,24,0
481,-18.0786972,-201.74229431,1.73403263,-2.53995112646399,24,0
482,-19.25997543,-202.5438385,1.7336762,-2.54541522944739,24,0
483,-20.42747879,-203.34539795,1.73693085,-2.53994485448766,24,0
484,-21.8998661,-204.35609436,1.74174607,-2.54002966865135,24,0
485,-23.07452011,-205.16169739,1.74385786,-2.54044594619933,24,0
486,-24.2496109,-205.97998047,1.7407856,-2.53331562307178,24,0
487,-25.42428017,-206.78608704,1.73912144,-2.54016052205801,24,0
488,-26.60237312,-207.59976196,1.74213231,-2.53715507837004,24,0
489,-27.78573036,-208.41340637,1.74250782,-2.53925578336617,24,0
490,-28.95377731,-209.23707581,1.74158847,-2.52740658540769,24,0
491,-30.12950897,-210.05288696,1.74605954,-2.53498906921779,24,0
492,-31.3068428,-210.86888123,1.73894835,-2.53552165826157,24,0
493,-32.4783287,-211.68873596,1.74078631,-2.53097291223052,24,0
494,-33.36357498,-212.30674744,1.74311304,-2.53212700690068,24,0
495,-34.54292297,-213.1312561,1.7420671,-2.53145588959501,24,0
496,-36.02892685,-214.16230774,1.73932886,-2.53501166255627,24,0
497,-37.21094513,-214.97569275,1.72771955,-2.53887604392094,24,0
498,-38.69506073,-215.98890686,1.71604693,-2.54256817661074,24,0
499,-39.58570862,-216.60035706,1.7091378,-2.53996908398906,24,0
500,-40.77364349,-217.40682983,1.7072922,-2.54517791086061,24,0
501,-41.95813751,-218.20700073,1.70169222,-2.54747337479219,24,0
502,-42.84507751,-218.81059265,1.69896758,-2.54405163111188,24,0
503,-44.02479172,-219.61538696,1.70462453,-2.54291704719193,24,0
504,-44.90868759,-220.21907043,1.71312284,-2.54238086456245,24,0
505,-45.79640579,-220.8117218,1.70489788,-2.55293583734909,24,0
506,-46.97810364,-221.60934448,1.71060824,-2.54785657262573,24,0
507,-48.15068436,-222.39949036,1.71165276,-2.54863206167141,24,0
508,-49.0272789,-222.99177551,1.71866655,-2.54738557431382,24,0
509,-50.20383453,-223.7791748,1.72160482,-2.55180992233731,24,0
510,-51.08418274,-224.36479187,1.73379278,-2.5545986879011,24,0
511,-52.26210022,-225.1394043,1.73806,-2.55988503139969,24,0
512,-53.42104721,-225.91664124,1.74457443,-2.55084388811853,24,0
513,-54.58618164,-226.68052673,1.74827647,-2.56127674921811,24,0
514,-55.46018982,-227.24894714,1.75684381,-2.56496403718465,24,0
515,-56.62094879,-228.01861572,1.76245356,-2.55608171386426,24,0
516,-57.49116135,-228.58467102,1.7648102,-2.56488052996757,24,0
517,-58.65426636,-229.33921814,1.7781899,-2.56610711075099,24,0
518,-59.50773239,-229.9045105,1.78906584,-2.55658517288943,24,0
519,-60.6685791,-230.65541077,1.79842114,-2.56743103901242,24,0
520,-61.53087997,-231.20822144,1.80721498,-2.57150805121847,24,0
521,-62.397789,-231.77146912,1.81325173,-2.56541466377548,24,0
522,-63.54322815,-232.50285339,1.82490277,-2.57333106397497,24,0
523,-64.70152283,-233.23257446,1.8257941,-2.57940873932288,24,0
524,-65.84391022,-233.95170593,1.83403218,-2.57976479852159,24,0
525,-66.71673584,-234.48434448,1.83653212,-2.59367319970275,24,0
526,-67.86676025,-235.19642639,1.82773459,-2.58718330085602,24,0
527,-69.02007294,-235.89967346,1.83712244,-2.59402559824988,24,0
528,-70.17525482,-236.59625244,1.83794093,-2.59896745640445,24,0
529,-71.03972626,-237.11738586,1.84034824,-2.59909138858744,24,0
530,-72.19052887,-237.80740356,1.85155797,-2.60146958868767,24,0
531,-73.34394073,-238.48649597,1.86502051,-2.6094726471339,24,0
532,-74.21125031,-238.99110413,1.87336206,-2.6146565957609,24,0
533,-76.22774506,-240.15487671,1.90305233,-2.61816171271413,24,0
534,-77.37800598,-240.81285095,1.91956282,-2.62199950421299,24,0
535,-79.10399628,-241.7964325,1.94345677,-2.62362598718226,24,0
536,-80.24980927,-242.43405151,1.9556818,-2.63379001228245,24,0
537,-81.4056015,-243.06330872,1.96198583,-2.64302971899807,24,0
538,-83.13520813,-243.99803162,1.97438192,-2.64613029330527,24,0
539,-84.28934479,-244.59086609,1.98250675,-2.66707642450691,24,0
540,-86.32279205,-245.5932312,1.98369741,-2.68360992169349,24,0
541,-87.49115753,-246.14395142,1.98506927,-2.70111879033077,24,0
542,-89.55042267,-247.06121826,1.98877335,-2.72254224432848,24,0
543,-91.33683014,-247.79412842,1.97580934,-2.75226393221671,24,0
544,-92.53383636,-248.23657227,1.9669534,-2.78754230596745,24,0
545,-93.73646545,-248.65072632,1.95120263,-2.80993873058241,24,0
546,-94.95418549,-249.02478027,1.92430246,-2.84356576040527,24,0
547,-96.16869354,-249.3633728,1.89885473,-2.86970646460543,24,0
548,-97.39310455,-249.66493225,1.86637568,-2.90010935971014,24,0
549,-98.62643433,-249.91725159,1.82976389,-2.93979346745196,24,0
550,-100.80497742,-250.28089905,1.74977398,-2.97619524574631,24,0
551,-102.06359863,-250.4356842,1.70678294,-3.01922714172357,24,0
552,-104.28633881,-250.60871887,1.60388196,-3.06390188524657,24,0
553,-106.52537537,-250.64723206,1.50530219,-3.12439356309673,24,0
554,-108.78062439,-250.56221008,1.39036131,3.1039109013204,24,0
555,-111.05522156,-250.36997986,1.26126361,3.05728123246211,24,0
556,-113.02030945,-250.13685608,1.15662432,3.02351178607142,24,0
557,-114.32737732,-249.95692444,1.07949734,3.00479195502808,24,0
558,-115.31327057,-249.80288696,1.01699007,2.98660416971492,24,0
559,-116.30686951,-249.64421082,0.95527077,2.98323149756508,24,0
560,-117.62760162,-249.41809082,0.87905335,2.97202859058752,24,0
561,-119.90984344,-249.02131653,0.74427438,2.96946024676508,24,0
562,-121.20847321,-248.78460693,0.65953851,2.96129560414252,24,0
563,-123.14644623,-248.44155884,0.53969193,2.96639363680465,24,0
564,-124.42360687,-248.2051239,0.46259928,2.9585395901596,24,0
565,-126.64204407,-247.79431152,0.32256913,2.95848589980458,24,0
566,-128.84864807,-247.38562012,0.17961764,2.95845509577549,24,0
567,-130.71629333,-247.03865051,0.06648576,2.95790759481311,24,0
568,-131.96343994,-246.81097412,-0.00345063,2.96102325899189,24,0
569,-133.82417297,-246.46290588,-0.11837399,2.95667004360001,24,0
570,-135.69215393,-246.10157776,-0.22294664,2.95051995425367,24,0
571,-136.93183899,-245.85113525,-0.29197335,2.94225450868297,24,0
572,-138.80436707,-245.45716858,-0.40381467,2.93422415506334,24,0
573,-140.98995972,-244.96905518,-0.52867532,2.92186613245043,24,0
574,-142.84614563,-244.50559998,-0.63397229,2.89691381935633,24,0
575,-145.02865601,-243.90826416,-0.76643872,2.87444280546724,24,0
576,-146.89393616,-243.34977722,-0.88206637,2.8506755534922,24,0
577,-148.74769592,-242.72898865,-1.00771475,2.81845001734454,24,0
578,-150.59661865,-242.04833984,-1.12727594,2.7888562312992,24,0
579,-152.43118286,-241.32125854,-1.24553072,2.76425950115947,24,0
580,-154.25561523,-240.54432678,-1.36018562,2.73900355163224,24,0
581,-155.1661377,-240.12983704,-1.40712237,2.71440471377895,24,0
582,-156.07528687,-239.71749878,-1.46262527,2.71579625908882,24,0
583,-157.86439514,-238.8314209,-1.56522822,2.6817423811715,24,0
584,-159.62768555,-237.89990234,-1.6615113,2.65557450911314,24,0
585,-161.06359863,-237.09486389,-1.74519444,2.63061294029265,24,0
586,-162.76249695,-236.10072327,-1.83951914,2.61215056458714,24,0
587,-164.15792847,-235.23069763,-1.88920951,2.58408608878214,24,0
588,-165.79957581,-234.15470886,-1.97894132,2.56140803388207,24,0
589,-167.41712952,-233.02586365,-2.05902839,2.53229640212454,24,0
590,-168.72027588,-232.05276489,-2.1024332,2.50018749449532,24,0
591,-169.99475098,-231.03994751,-2.16276526,2.47009562281266,24,0
592,-171.50317383,-229.79690552,-2.2285924,2.4523478174539,24,0
593,-172.9655304,-228.52037048,-2.28282547,2.42393620041046,24,0
594,-174.16035461,-227.42633057,-2.34658766,2.40019851793026,24,0
595,-175.33247375,-226.31542969,-2.40843034,2.38300266241754,24,0
596,-176.48716736,-225.18252563,-2.46530843,2.36571928179086,24,0
597,-177.84535217,-223.78344727,-2.53731346,2.34136436717035,24,0
598,-179.16320801,-222.36306763,-2.60843229,2.31877041448674,24,0
599,-180.23469543,-221.17034912,-2.67242074,2.30270313626902,24,0
600,-181.50415039,-219.70571899,-2.74613643,2.28492946391945,24,0
601,-182.74594116,-218.22418213,-2.82272315,2.26838661677609,24,0
602,-183.769104,-216.95930481,-2.88722849,2.25094229604358,24,0
603,-184.99609375,-215.42893982,-2.96884155,2.24661123532772,24,0
604,-186.18447876,-213.88369751,-3.0604434,2.2263850479328,24,0
605,-187.37031555,-212.31742859,-3.15214777,2.21883189265512,24,0
606,-188.33901978,-210.99946594,-3.23446131,2.20462894438386,24,0
607,-189.31694031,-209.66714478,-3.31465578,2.20397698840855,24,0
608,-190.47911072,-208.04495239,-3.4107275,2.19245736021564,24,0
609,-191.06410217,-207.2341156,-3.47112131,2.19578442138516,24,0
610,-191.66217041,-206.41888428,-3.51784563,2.20373014819477,24,0
611,-192.62728882,-205.04978943,-3.61181211,2.18482451839327,24,0
612,-193.19927979,-204.22285461,-3.67022491,2.17593020034412,24,0
613,-193.76869202,-203.40316772,-3.72827625,2.17793642374176,24,0
614,-194.75793457,-202.03717041,-3.82950664,2.1975738448083,24,0
615,-195.33847046,-201.21783447,-3.90299845,2.18723379700864,24,0
616,-196.29214478,-199.87060547,-4.00590229,2.18679026637776,24,0
617,-197.42681885,-198.25469971,-4.13802958,2.18299107731883,24,0
618,-198.37663269,-196.92198181,-4.24610043,2.18998795551979,24,0
619,-199.49067688,-195.31524658,-4.36795521,2.17705126496067,24,0
620,-200.4278717,-193.99397278,-4.48292446,2.1877443808651,24,0
621,-201.34886169,-192.68391418,-4.57898808,2.18354247862992,24,0
622,-202.44769287,-191.10772705,-4.69347668,2.17960369945583,24,0
623,-203.52850342,-189.56225586,-4.79730177,2.18107951713832,24,0
624,-204.41667175,-188.26643372,-4.8778553,2.17166249394839,24,0
625,-205.4871521,-186.73100281,-4.97280312,2.17963094666006,24,0
626,-206.37322998,-185.45280457,-5.04117107,2.1769602456508,24,0
627,-207.42179871,-183.93179321,-5.12552929,2.17436536051601,24,0
628,-208.30006409,-182.63899231,-5.18917465,2.16752895183943,24,0
629,-209.17596436,-181.36601257,-5.26738167,2.17347121226411,24,0
630,-210.24525452,-179.81852722,-5.34802914,2.17544673218509,24,0
631,-211.12585449,-178.5294342,-5.42036629,2.17010059133516,24,0
632,-212.02789307,-177.23423767,-5.50672722,2.17913522273047,24,0
633,-213.12101746,-175.64717102,-5.60782194,2.17394575987612,24,0
634,-214.02018738,-174.34585571,-5.69717932,2.1754361859164,24,0
635,-214.92958069,-173.02955627,-5.80014515,2.17536923589445,24,0
636,-216.02558899,-171.44927979,-5.9233017,2.17718352699773,24,0
637,-216.94934082,-170.1471405,-6.04822159,2.18781045927657,24,0
638,-217.87437439,-168.85240173,-6.1639123,2.19115840057719,24,0
639,-218.99365234,-167.29672241,-6.3105278,2.19447589471979,24,0
640,-220.11663818,-165.74497986,-6.46874666,2.19724755047033,24,0
641,-221.04345703,-164.45996094,-6.60553551,2.19564159142552,24,0
642,-222.16964722,-162.91239929,-6.77715302,2.19988451108801,24,0
643,-223.11343384,-161.63047791,-6.91737366,2.20542503900982,24,0
644,-224.06195068,-160.34518433,-7.05692196,2.20655807470203,24,0
645,-225.21913147,-158.80014038,-7.23549128,2.2136334409558,24,0
646,-226.18452454,-157.49981689,-7.37611628,2.20943198209597,24,0
647,-227.16079712,-156.20005798,-7.51366615,2.21501270304402,24,0
648,-228.34266663,-154.64447021,-7.67318916,2.22051305794316,24,0
649,-229.33538818,-153.34303284,-7.79920578,2.22243200549034,24,0
650,-230.53285217,-151.77075195,-7.95089769,2.22168617682832,24,0
651,-231.54052734,-150.46911621,-8.07183838,2.22958179280608,24,0
652,-232.72906494,-148.87974548,-8.21310425,2.21289043708883,24,0
653,-233.93408203,-147.30885315,-8.36010361,2.22514613474522,24,0
654,-235.13458252,-145.7240448,-8.49553204,2.21908345466588,24,0
655,-236.13165283,-144.4022522,-8.61100578,2.21706408532923,24,0
656,-237.12086487,-143.07446289,-8.7159729,2.21109410895136,24,0
657,-238.30545044,-141.48464966,-8.84717751,2.21116041573731,24,0
658,-239.10218811,-140.4155426,-8.93585014,2.21124185844831,24,0
659,-240.06781006,-139.08534241,-9.04339123,2.1987087778207,24,0
660,-241.23374939,-137.4861908,-9.16153431,2.2007858488582,24,0
661,-242.40003967,-135.89289856,-9.28234959,2.20267770558482,24,0
662,-243.55825806,-134.30918884,-9.38122749,2.20224280042881,24,0
663,-244.69050598,-132.73956299,-9.48778725,2.19570719764604,24,0
664,-245.63562012,-131.41679382,-9.56655693,2.19118547214756,24,0
665,-246.76226807,-129.85379028,-9.65490913,2.19536078591006,24,0
666,-247.69494629,-128.55030823,-9.73450565,2.19186808434057,24,0
667,-248.62698364,-127.24901581,-9.81766224,2.19233850200692,24,0
668,-249.73786926,-125.70359039,-9.90655804,2.19404305661187,24,0
669,-250.65014648,-124.41480255,-9.98444271,2.18677586281646,24,0
670,-251.55541992,-123.13404083,-10.05115223,2.18608765512494,24,0
671,-252.63522339,-121.60528564,-10.12822819,2.18575703886627,24,0
672,-253.52568054,-120.33689117,-10.19517517,2.18288667224296,24,0
673,-254.5973053,-118.81706238,-10.26786327,2.18493405000974,24,0
674,-255.64837646,-117.32953644,-10.34140015,2.18593152313086,24,0
675,-256.51174927,-116.08529663,-10.39034748,2.17741377064265,24,0
676,-257.54302979,-114.61380005,-10.44576454,2.18208439469297,24,0
677,-258.22723389,-113.63841248,-10.48440552,2.18250748718703,24,0
678,-259.06549072,-112.41416168,-10.53360176,2.17118670455577,24,0
679,-260.08401489,-110.95074463,-10.59304619,2.17882619028184,24,0
680,-260.91424561,-109.73126221,-10.64486885,2.16852379915235,24,0
681,-261.9128418,-108.27974701,-10.7038126,2.17340148119042,24,0
682,-262.74185181,-107.0687561,-10.75453091,2.17109245182583,24,0
683,-263.39151001,-106.11034393,-10.78606415,2.16650026389222,24,0
684,-264.02685547,-105.17531586,-10.82817841,2.16762652858892,24,0
685,-264.96984863,-103.77887726,-10.89059734,2.16474132700639,24,0
686,-265.73822021,-102.63202667,-10.94689083,2.16109205143632,24,0
687,-266.35211182,-101.72167206,-10.98511124,2.16409476868504,24,0
688,-266.96810913,-100.81365967,-11.02768326,2.16687936446073,24,0
689,-267.86907959,-99.45794678,-11.09665871,2.15734820985106,10,0
690,-268.58950806,-98.33309937,-11.15400314,2.14044126668471,10,0
691,-269.28890991,-97.21409607,-11.20504093,2.12941157108309,10,0
692,-269.94503784,-96.1111145,-11.25856972,2.1074334106667,10,0
693,-270.70147705,-94.77761841,-11.32334709,2.08679446053144,10,0
694,-271.30563354,-93.67224884,-11.3708744,2.07099859606138,10,0
695,-271.9710083,-92.33985901,-11.43580437,2.03395137309127,10,0
696,-272.60510254,-91.02639771,-11.49209499,2.02056178984287,10,0
697,-273.10650635,-89.91497803,-11.55063343,1.99459632996556,10,0
698,-273.64245605,-88.59645081,-11.60402298,1.95687298516282,10,0
699,-274.14044189,-87.29677582,-11.65760994,1.93670329835352,10,0
700,-274.5213623,-86.20305634,-11.69856262,1.90593785954363,10,0
701,-274.89007568,-84.86529541,-11.74337959,1.83973865559146,10,0
702,-275.14425659,-83.76048279,-11.78727722,1.79692833469717,10,0
703,-275.3890686,-82.41524506,-11.8308382,1.75081052597662,10,0
704,-275.54818726,-81.06232452,-11.87054062,1.68786973968627,10,0
705,-275.61071777,-79.92647552,-11.89011478,1.62579259324117,10,0
706,-275.62182617,-78.58903503,-11.91300297,1.57910185115753,10,0
707,-275.56201172,-77.25014496,-11.93119717,1.5261513586441,10,0
708,-275.46603394,-76.157547,-11.92996693,1.48317759672996,10,0
709,-275.31781006,-74.83527374,-11.93616772,1.45916458781947,10,0
710,-275.15710449,-73.51065826,-11.95285892,1.45006394723498,10,0
711,-274.98370361,-72.19533539,-11.95262814,1.43972076415166,10,0
712,-274.80078125,-70.89014435,-11.97649956,1.43155339525154,10,0
713,-274.62316895,-69.55641937,-11.9653492,1.43840517188864,10,0
714,-274.42388916,-68.22698975,-11.96547508,1.42200543815769,10,0
715,-274.25521851,-66.87431335,-11.98078346,1.44674262207885,10,0
716,-274.08666992,-65.5258255,-11.98608112,1.44645037988559,10,0
717,-273.95175171,-64.17385864,-11.98857975,1.47133161749146,10,0
718,-273.82019043,-62.83575439,-12.00287342,1.47279215211983,10,0
719,-273.71914673,-61.49016571,-12.00020981,1.49584443648805,10,0
720,-273.65231323,-60.15661621,-11.99870205,1.52072122374316,10,0
721,-273.59307861,-58.82287598,-12.01698589,1.52641308133442,10,0
722,-273.57955933,-57.51295471,-12.01646996,1.56047601187851,10,0
723,-273.58108521,-56.22593689,-12.03018665,1.57198191976912,10,0
724,-273.61624146,-54.93564606,-12.06135464,1.59803635146075,10,0
725,-273.69696045,-53.43910217,-12.07356262,1.62468104824028,10,0
726,-273.79602051,-52.18509674,-12.09098053,1.64962754574004,10,0
727,-273.92999268,-50.94750214,-12.11786938,1.67862848842502,10,0
728,-274.0814209,-49.73269653,-12.14627743,1.69480888027544,10,0
729,-274.30126953,-48.35122681,-12.17402077,1.7286140294635,10,0
730,-274.56060791,-47.01729584,-12.20741272,1.76281755443915,10,0
731,-274.80056763,-45.89292908,-12.25007915,1.78105956552726,10,0
732,-275.12063599,-44.62123108,-12.28863716,1.81736101808571,10,0
733,-275.42984009,-43.56036377,-12.31924915,1.85440318806752,10,0
734,-275.81613159,-42.36464691,-12.36573124,1.88327499462591,10,0
735,-276.17965698,-41.36601257,-12.40665054,1.9199083467622,10,0
736,-276.64230347,-40.2591095,-12.45244408,1.96669301499748,10,0
737,-277.06610107,-39.34465027,-12.49111176,2.0047711306024,10,0
738,-277.75241089,-38.07176971,-12.55571842,2.06529333228869,10,0
739,-278.49725342,-36.94907379,-12.61944389,2.15656246678413,10,0
740,-279.31097412,-35.94065857,-12.68452644,2.24974874141869,10,0
741,-280.19088745,-35.06729889,-12.74877167,2.35993242458117,10,0
742,-281.2180481,-34.28073883,-12.8070507,2.48808027468676,10,0
743,-282.16934204,-33.73023224,-12.86629581,2.61698785168255,10,0
744,-283.11309814,-33.32719421,-12.92025757,2.73798065795515,10,0
745,-284.25158691,-33.02196503,-12.9744463,2.8796522864784,10,0
746,-285.26599121,-32.88448334,-13.02033234,3.00688395661525,10,0
747,-286.28433228,-32.8890686,-13.06058407,-3.13709000791623,10,0
748,-287.52813721,-33.06080627,-13.1102562,-3.00438575319637,10,0
749,-288.63024902,-33.39929962,-13.15228271,-2.84360602801588,10,0
750,-289.57971191,-33.84953308,-13.18619347,-2.69879883197675,10,0
751,-290.60980225,-34.54322052,-13.21119881,-2.54892655295317,10,0
752,-291.37869263,-35.25866699,-13.23230171,-2.39218418717485,10,0
753,-292.16082764,-36.2440033,-13.23885918,-2.2417297956361,10,0
754,-292.76324463,-37.35929108,-13.23454952,-2.0660417585193,10,0
755,-293.13894653,-38.47514343,-13.220891,-1.89556931822432,10,0
756,-293.33322144,-39.78165436,-13.19917679,-1.71841219375533,10,0
757,-293.32681274,-40.90943909,-13.17670918,-1.56511383185698,10,0
758,-293.12683105,-42.04756165,-13.14406204,-1.39685998733714,10,0
759,-292.75201416,-43.19615936,-13.1040287,-1.25536589362586,10,0
760,-292.2472229,-44.20713806,-13.06258774,-1.10770127764305,10,0
761,-291.49533081,-45.27371979,-13.00452232,-0.956752615489883,10,0
762,-290.67767334,-46.17932129,-12.95493793,-0.836387482342673,10,0
763,-289.68383789,-47.16639709,-12.89700031,-0.781985782472883,10,0
764,-288.80810547,-47.94169617,-12.84427643,-0.72464236669679,10,0
765,-288.01428223,-48.63568878,-12.79454327,-0.718399809587784,10,0
766,-287.07723999,-49.45894623,-12.7346344,-0.720848522957943,10,0
767,-286.15692139,-50.37558746,-12.6778698,-0.783396287783395,10,0
768,-285.22705078,-51.33802032,-12.61961079,-0.802604196746565,10,0
769,-284.22012329,-52.49712372,-12.54324532,-0.855538564793665,10,0
770,-283.26501465,-53.75242615,-12.48619175,-0.920381358271745,10,0
771,-282.36566162,-55.10919189,-12.42353344,-0.985430006346444,10,0
772,-281.53692627,-56.54333496,-12.3597002,-1.0468145870552,10,0
773,-280.80316162,-58.06551361,-12.30810738,-1.12161239573397,10,0
774,-280.1647644,-59.70288849,-12.26262188,-1.19903513630245,10,0
775,-279.66247559,-61.40307617,-12.22605228,-1.28353616971354,10,0
776,-279.30062866,-63.1638031,-12.20610046,-1.36810838086733,10,0
777,-279.05975342,-64.98033905,-12.19903469,-1.43896399564457,10,0
778,-278.99395752,-66.00410461,-12.19178963,-1.50661607140059,10,0
779,-278.96478271,-67.04431152,-12.19571209,-1.5427565557706,10,0
780,-278.99746704,-68.90396118,-12.19920349,-1.58837004830698,10,0
781,-279.0536499,-69.94437408,-12.19079494,-1.62474447037833,10,0
782,-279.12023926,-70.96376038,-12.20058727,-1.63602663980597,10,0
783,-279.19573975,-72.00344086,-12.19959259,-1.64328801273236,10,0
784,-279.25695801,-73.03457642,-12.19674301,-1.63009646869742,10,0
785,-279.30529785,-74.06562805,-12.18933773,-1.61764603485824,10,0
786,-279.32870483,-75.10178375,-12.17464924,-1.59338270020619,10,0
787,-279.35101318,-76.13634491,-12.15557766,-1.59235608978851,10,0
788,-279.35031128,-77.16712189,-12.14213085,-1.57011538425825,10,0
789,-279.29931641,-78.20162201,-12.12050247,-1.52154198196293,10,0
790,-279.20199585,-79.43976593,-12.09206581,-1.4923556270706,10,0
791,-279.08978271,-80.4729538,-12.06210232,-1.46261172277362,10,0
792,-278.92227173,-81.49671173,-12.03802776,-1.40860990324022,10,0
793,-278.71252441,-82.50575256,-11.99953365,-1.36584693600952,10,0
794,-278.44082642,-83.51513672,-11.97269821,-1.30785635909087,10,0
795,-278.04165649,-84.71550751,-11.92471886,-1.24976097180108,10,0
796,-277.66043091,-85.70830536,-11.88990307,-1.20416640583629,10,0
797,-277.22702026,-86.70069122,-11.83887196,-1.15902730796345,10,0
798,-276.76147461,-87.66303253,-11.79104805,-1.12022204222922,10,0
799,-276.16702271,-88.78330231,-11.72321892,-1.08294384212889,10,0
800,-275.62316895,-89.68896484,-11.68553925,-1.03000649266328,10,0
801,-275.02459717,-90.58776855,-11.64172459,-0.983279675032207,10,0
802,-274.31872559,-91.66705322,-11.58662891,-0.991601699380555,10,0
803,-273.70202637,-92.56660461,-11.51598454,-0.969825427471879,10,0
804,-273.03219604,-93.43013763,-11.4715004,-0.911057922433205,10,0
805,-272.22573853,-94.48402405,-11.41046619,-0.917623843433295,10,0
806,-271.54672241,-95.3780365,-11.35260773,-0.921233198022884,10,0
807,-270.86184692,-96.26938629,-11.30436707,-0.915649429300147,10,0
808,-270.02545166,-97.37606049,-11.24593544,-0.923610276104041,10,0
809,-269.18304443,-98.50003052,-11.17978764,-0.927620027463515,10,0
810,-268.47924805,-99.43512726,-11.12950325,-0.925604228736288,10,0
811,-267.62060547,-100.57769012,-11.07003593,-0.926332222574331,10,0
812,-266.91836548,-101.52893829,-11.01698112,-0.934870635814536,10,0
813,-266.20812988,-102.48636627,-10.96806908,-0.932553447770025,10,0
814,-265.48806763,-103.45018005,-10.91760159,-0.929155817326896,10,0
815,-264.78399658,-104.40579224,-10.87887478,-0.935813166984053,10,0
816,-264.07312012,-105.37182617,-10.83166409,-0.93639920002056,10,0
817,-262.79605103,-107.12229919,-10.75245857,-0.940507906776952,10,0
818,-262.09402466,-108.10540771,-10.71268177,-0.95067752058231,10,0
819,-261.38314819,-109.10019684,-10.67178726,-0.950338658697275,10,0
820,-260.66845703,-110.0925293,-10.62631226,-0.946632728739005,10,0
821,-259.36959839,-111.90016937,-10.54759026,-0.947736593040403,10,0
822,-258.64602661,-112.91567993,-10.50814629,-0.951716878837129,10,0
823,-258.0604248,-113.73132324,-10.47699356,-0.948116039198025,10,0
824,-257.31564331,-114.75889587,-10.42577076,-0.943621251922114,10,0
825,-256.71707153,-115.58792877,-10.39396191,-0.945449396865772,10,0
826,-255.95756531,-116.6324234,-10.35188293,-0.942079094248303,10,0
827,-255.19667053,-117.70266724,-10.30420399,-0.952756056465231,10,0
828,-254.4165802,-118.79083252,-10.25123882,-0.948827222517331,10,0
829,-253.78462219,-119.67163086,-10.20505714,-0.948432788199761,10,0
830,-253.14453125,-120.57085419,-10.16283989,-0.952177175401068,10,0
831,-252.34030151,-121.69971466,-10.10700989,-0.951779244619799,10,0
832,-251.68641663,-122.61830139,-10.06083393,-0.952169545596209,10,0
833,-250.85891724,-123.7817688,-10.00192356,-0.952569455509445,10,0
834,-250.20259094,-124.71627045,-9.95368004,-0.958509923114677,10,0
835,-249.35015869,-125.90543365,-9.88212204,-0.948861697142163,10,0
836,-248.483078,-127.10050201,-9.81535244,-0.943128355880975,10,0
837,-247.61325073,-128.30343628,-9.73748589,-0.94474256619677,10,0
838,-246.91415405,-129.2646637,-9.67470932,-0.941984939807499,10,0
839,-246.03370667,-130.48577881,-9.59415054,-0.946102397461869,10,0
840,-245.31916809,-131.47387695,-9.53750229,-0.944704868877385,10,0
841,-244.60011292,-132.46376038,-9.48202896,-0.942568544588176,10,0
842,-243.69264221,-133.70219421,-9.41236305,-0.938422560861907,10,0
843,-242.95445251,-134.69900513,-9.34512138,-0.933369812307641,10,0
844,-242.02713013,-135.96238708,-9.25820351,-0.937614088827573,10,0
845,-241.26719666,-136.97926331,-9.1825552,-0.929011662813099,10,0
846,-240.51190186,-138.00447083,-9.1032486,-0.9358462584469,10,0
847,-239.55430603,-139.28489685,-9.00078297,-0.928657998005833,10,0
848,-238.58518982,-140.58074951,-8.89406395,-0.928666304778347,10,0
849,-237.79972839,-141.63735962,-8.8123045,-0.931546347656036,10,0
850,-236.82872009,-142.93818665,-8.70771885,-0.929568148176588,10,0
851,-235.84947205,-144.25827026,-8.60193348,-0.932559011740406,10,0
852,-235.0574646,-145.31765747,-8.5096693,-0.928827192449709,10,0
853,-234.0579834,-146.65542603,-8.39463043,-0.929137343846099,10,0
854,-233.26701355,-147.7306366,-8.29818058,-0.936547966573733,10,0
855,-232.27229309,-149.06433105,-8.17080307,-0.929964002663955,10,0
856,-231.26524353,-150.42048645,-8.05144882,-0.932063007503721,10,0
857,-230.45860291,-151.50880432,-7.94811201,-0.932963256243807,10,0
858,-229.4414978,-152.86575317,-7.82916832,-0.927581345876471,10,0
859,-228.62117004,-153.95326233,-7.72734833,-0.924537406014424,10,0
860,-227.80738831,-155.04786682,-7.61867332,-0.931501578278442,10,0
861,-226.79705811,-156.40979004,-7.48131943,-0.932537594712017,10,0
862,-225.97715759,-157.49415588,-7.36982059,-0.92339588261995,10,0
863,-224.96777344,-158.86186218,-7.21632385,-0.935011557667874,10,0
864,-224.16601563,-159.94863892,-7.10528851,-0.935188415663663,10,0
865,-223.36183167,-161.0276947,-6.98317432,-0.930331645465427,10,0
866,-222.37176514,-162.38807678,-6.82248878,-0.941664655693043,10,0
867,-221.58328247,-163.45623779,-6.69860744,-0.934910564757783,10,0
868,-220.59864807,-164.80345154,-6.54939318,-0.939653049662224,10,0
869,-219.82304382,-165.88827515,-6.43684864,-0.950101252005774,10,0
870,-219.04920959,-166.96743774,-6.32939386,-0.948706162621735,10,0
871,-218.05944824,-168.32389832,-6.2019949,-0.940437365335568,10,0
872,-217.0955658,-169.66963196,-6.07780552,-0.949247019357622,10,0
873,-216.31983948,-170.74940491,-5.9788518,-0.947817165448698,10,0
874,-215.54084778,-171.83503723,-5.88751507,-0.948390982784884,10,0
875,-214.77084351,-172.92242432,-5.79747772,-0.954639180637107,10,0
876,-214.00689697,-174.0218811,-5.71472931,-0.963541856720356,10,0
877,-213.24911499,-175.11683655,-5.62793684,-0.965414731261312,10,0
878,-212.4725647,-176.22723389,-5.55851746,-0.960510420226186,10,0
879,-211.71936035,-177.3323822,-5.48786354,-0.972566388637168,10,0
880,-210.96157837,-178.44641113,-5.41566133,-0.973470951754287,10,0
881,-210.19384766,-179.55134583,-5.35438919,-0.963555350430249,10,0
882,-209.42958069,-180.67634583,-5.28353119,-0.974065360479006,10,0
883,-208.65660095,-181.79945374,-5.22900105,-0.96799943955323,10,0
884,-207.88041687,-182.92218018,-5.16843128,-0.96590709399216,10,0
885,-207.1111145,-184.04762268,-5.10416842,-0.971192433749863,10,0
886,-206.33053589,-185.16316223,-5.04577732,-0.960250317261527,10,0
887,-205.55789185,-186.28044128,-4.97960806,-0.965770273354068,10,0
888,-204.78659058,-187.39582825,-4.91452026,-0.9657910885247,10,0
889,-204.01182556,-188.51062012,-4.85017109,-0.963443227919206,10,0
890,-203.23985291,-189.62413025,-4.77228928,-0.964595684798553,10,0
891,-202.46829224,-190.72720337,-4.70281982,-0.960429738221826,10,0
892,-201.69366455,-191.83361816,-4.62572289,-0.959987059914501,10,0
893,-200.92208862,-192.93525696,-4.54186058,-0.959809194692966,10,0
894,-200.15621948,-194.04071045,-4.45738506,-0.964912239489495,10,0
895,-199.38803101,-195.13349915,-4.36930943,-0.958085489787515,10,0
896,-198.43666077,-196.49816895,-4.26098061,-0.961990267652435,10,0
897,-197.67256165,-197.60366821,-4.17369413,-0.966014298975911,10,0
898,-196.91020203,-198.68917847,-4.09719706,-0.958524849345951,10,0
899,-196.33479309,-199.50639343,-4.02605057,-0.957317529484833,10,0
900,-195.57995605,-200.58750916,-3.94668293,-0.96127817107431,10,0
901,-194.81524658,-201.67778015,-3.8544631,-0.959135441865056,10,0
902,-194.06950378,-202.75764465,-3.77398777,-0.966414274170066,10,0
903,-193.30767822,-203.83467102,-3.68857765,-0.955160086976621,10,0
904,-192.55024719,-204.91130066,-3.62006283,-0.957711511898979,10,0
905,-191.79364014,-205.98478699,-3.53428435,-0.956847503690562,10,0
906,-191.03762817,-207.05844116,-3.46979713,-0.95729155923356,10,0
907,-190.26652527,-208.12742615,-3.40092802,-0.945890546754936,10,0
908,-189.48898315,-209.19975281,-3.32915592,-0.943423777169956,10,0
909,-188.71359253,-210.25856018,-3.26620913,-0.938703814775511,10,0
910,-187.74137878,-211.5696106,-3.18862772,-0.932723067228339,10,0
911,-186.95169067,-212.62045288,-3.12655139,-0.926347989218636,10,0
912,-186.15892029,-213.65740967,-3.06640482,-0.918069326840504,10,0
913,-185.36065674,-214.68016052,-3.00406504,-0.908055283897676,10,0
914,-184.54420471,-215.71604919,-2.94665933,-0.903313126272472,10,0
915,-183.1026001,-217.49726868,-2.85150361,-0.890388721767067,10,0
916,-182.25927734,-218.50468445,-2.79394913,-0.873830447959583,10,0
917,-181.41844177,-219.5018158,-2.73979235,-0.870231389493134,10,0
918,-180.55715942,-220.49513245,-2.68853831,-0.856471159247256,10,0
919,-179.69416809,-221.4683075,-2.64196038,-0.845333773135793,10,0
920,-178.8024292,-222.43966675,-2.58471012,-0.828107637789401,10,0
921,-177.6758728,-223.64167786,-2.52345562,-0.817790746736397,10,0
922,-176.74842834,-224.58178711,-2.47422457,-0.79217954579754,10,0
923,-175.10041809,-226.19520569,-2.37969637,-0.774792268012814,10,0
924,-174.13320923,-227.10821533,-2.34143305,-0.756580121564426,10,0
925,-172.91964722,-228.22319031,-2.29208589,-0.743084819854367,10,0
926,-171.92480469,-229.10598755,-2.23888421,-0.725795368275958,10,0
927,-171.16644287,-229.75839233,-2.20558214,-0.71043290679875,10,0
928,-169.88038635,-230.84277344,-2.15677714,-0.700523159496194,10,0
929,-168.83378601,-231.67732239,-2.10963297,-0.67314762945208,10,0
930,-167.77314758,-232.48521423,-2.06359076,-0.650949270273734,10,0
931,-166.68197632,-233.28088379,-2.01429033,-0.63004817922396,10,0
932,-165.56466675,-234.05349731,-1.95627201,-0.604994795436056,10,0
933,-164.44242859,-234.80822754,-1.91505408,-0.592045580435722,10,0
934,-163.28520203,-235.54501343,-1.85960042,-0.566956134917732,10,0
935,-162.13047791,-236.25737,-1.80440617,-0.552757935074158,10,0
936,-160.96310425,-236.93759155,-1.73457253,-0.527597250625186,10,0
937,-159.78700256,-237.60748291,-1.67150903,-0.51775619078163,10,0
938,-158.5821991,-238.24462891,-1.61308539,-0.486451064608245,10,0
939,-157.37298584,-238.86122131,-1.54468572,-0.471545761261175,10,0
940,-156.13793945,-239.45909119,-1.47091007,-0.450836345016725,10,0
941,-154.91529846,-240.02151489,-1.39015722,-0.431144711329916,10,0
942,-153.65956116,-240.55752563,-1.31869292,-0.403436080582927,10,0
943,-152.09190369,-241.20225525,-1.23099196,-0.390183508454396,10,0
944,-150.51852417,-241.79772949,-1.12082148,-0.361807881155519,10,0
945,-149.2308197,-242.23788452,-1.04818201,-0.329363369533381,10,0
946,-147.95411682,-242.66853333,-0.97036517,-0.325328201127756,10,0
947,-146.66529846,-243.07118225,-0.87815034,-0.302809360093276,10,0
948,-145.36941528,-243.43617249,-0.80099964,-0.274541481780573,10,0
949,-144.08695984,-243.77963257,-0.72783434,-0.261673653841053,10,0
950,-142.47180176,-244.20739746,-0.63583708,-0.258899939978164,10,0
951,-141.17471313,-244.54043579,-0.55416691,-0.251329274206697,10,0
952,-139.54992676,-244.94348145,-0.45429003,-0.243152617493599,10,0
953,-138.25328064,-245.25244141,-0.38340139,-0.233914463862733,10,0
954,-136.64373779,-245.6240387,-0.29259014,-0.226895777798317,10,0
955,-135.34587097,-245.91615295,-0.21932352,-0.221383535935527,10,0
956,-133.72756958,-246.25271606,-0.11993527,-0.205050088055696,10,0
957,-132.10699463,-246.59243774,-0.02435172,-0.206638122683799,10,0
958,-130.82322693,-246.86592102,0.05917811,-0.209894113716411,10,0
959,-129.21508789,-247.1953125,0.15936995,-0.202033275464622,10,0
960,-127.61031342,-247.52984619,0.2587893,-0.205518219422523,10,0
961,-126.33583832,-247.796875,0.34149277,-0.206533015362235,10,0
962,-125.07273102,-248.05787659,0.42181182,-0.203766705654616,10,0
963,-123.48540497,-248.37475586,0.52969217,-0.197040595713725,10,0
964,-122.21874237,-248.62307739,0.60860872,-0.193588780719682,10,0
965,-120.63541412,-248.93722534,0.70635056,-0.195866120827876,10,0
966,-119.06619263,-249.23594666,0.79791641,-0.188112035313944,10,0
967,-117.80163574,-249.47361755,0.87612903,-0.185780662818772,10,0
968,-116.2325592,-249.75361633,0.97816575,-0.176589368630101,10,0
969,-114.97869873,-249.96012878,1.05515897,-0.163235821900032,10,0
970,-113.4121933,-250.17144775,1.14109933,-0.134088878607333,10,0
971,-111.84780121,-250.35308838,1.23217177,-0.115591810100306,10,0
972,-110.58686829,-250.48251343,1.29700565,-0.102284096935415,10,0
973,-109.00058746,-250.61279297,1.37917423,-0.081945011584775,10,0
974,-107.42626953,-250.70291138,1.46226251,-0.057180427016064,10,0
975,-105.85527802,-250.75285339,1.54445016,-0.031779418209301,10,0
976,-104.59285736,-250.76170349,1.61127639,-0.007010305916515,10,0
977,-103.00672913,-250.7194519,1.68520355,0.02663189497441,10,0
978,-101.43811035,-250.59751892,1.74918485,0.077576706266828,10,0
979,-99.87303925,-250.39355469,1.80403984,0.129592289347401,10,0
980,-98.30699158,-250.09182739,1.85618138,0.190335739548556,10,0
981,-96.7510376,-249.73147583,1.90286708,0.227582965694616,10,0
982,-95.19676971,-249.29519653,1.93844676,0.273655490113396,10,0
983,-93.65742493,-248.7824707,1.96950102,0.321523046202691,10,0
984,-92.12651062,-248.20399475,1.98724484,0.361278375531109,10,0
985,-90.9039917,-247.69770813,1.99506545,0.392631147818245,10,0
986,-89.39124298,-247.01927185,1.9941411,0.421588477415369,10,0
987,-87.88696289,-246.30278015,1.99396706,0.444510161217876,10,0
988,-86.36837006,-245.55914307,1.99085832,0.455364238991576,10,0
989,-84.85328674,-244.76628113,1.97630215,0.482123150243484,10,0
990,-83.64310455,-244.12339783,1.97128463,0.48831720284222,10,0
991,-82.09729004,-243.30322266,1.96720886,0.487809716250196,10,0
992,-80.244133,-242.28634644,1.95918536,0.501864885140071,10,0
993,-78.6738205,-241.42155457,1.93726277,0.503390631914366,10,0
994,-76.79006195,-240.35879517,1.91111803,0.51365689411762,10,0
995,-75.1992569,-239.45088196,1.89021862,0.518616042024316,10,0
996,-73.27091217,-238.32546997,1.85735047,0.528284996029279,10,0
997,-71.66281891,-237.36833191,1.84755921,0.536883050325247,10,0
998,-69.71560669,-236.1917572,1.82294095,0.543528005079276,10,0
999,-68.09259796,-235.19412231,1.82709479,0.551145485603385,10,0
1000,-66.45379639,-234.17407227,1.82269073,0.556753831063868,10,0
1001,-64.80484772,-233.14361572,1.81822109,0.558539843167122,10,0
1002,-63.1576004,-232.10139465,1.81437874,0.564120576151548,10,0
1003,-61.51214981,-231.04795837,1.79522896,0.569463171669285,10,0
1004,-59.88365555,-229.99209595,1.78482425,0.575226593375287,10,0
1005,-58.26932526,-228.94172668,1.76547813,0.576834319043154,10,0
1006,-56.30271149,-227.66439819,1.75155389,0.576028240598517,10,0
1007,-54.67621613,-226.59332275,1.74259973,0.582339540199175,10,0
1008,-53.01333618,-225.51844788,1.73249745,0.573835749428473,10,0
1009,-51.35530853,-224.42778015,1.72367287,0.581846212553697,10,0
1010,-49.37373352,-223.11756897,1.71470666,0.584206250454394,10,0
1011,-47.75659943,-222.03956604,1.71500564,0.58796558700806,10,0
1012,-46.13423538,-220.96173096,1.70345759,0.586404535728827,10,0
1013,-44.49583817,-219.86299133,1.69930673,0.590733563831018,10,0
1014,-42.8630867,-218.75865173,1.70548141,0.594688349416563,10,0
1015,-40.89031219,-217.41131592,1.70812786,0.599201306899036,10,0
1016,-39.24034119,-216.28979492,1.71320772,0.596986291272934,10,0
1017,-37.58571625,-215.15371704,1.72321117,0.601681040302865,10,0
1018,-35.92578888,-214.00549316,1.72262168,0.605154983480625,10,0
1019,-34.26149368,-212.8480072,1.73232412,0.607686744611107,10,0
1020,-32.59314346,-211.68101501,1.74051881,0.610382753135879,10,0
1021,-30.91184998,-210.51361084,1.73925257,0.606923158725947,10,0
1022,-29.23601151,-209.33976746,1.73864973,0.611028844166206,10,0
1023,-27.57427788,-208.18418884,1.74058008,0.607635712136784,10,0
1024,-25.94509888,-207.04124451,1.73629892,0.611762926181759,10,0
1025,-24.31589699,-205.92054749,1.73916185,0.602546014094403,10,0
1026,-22.67376137,-204.79316711,1.7335788,0.601630448817868,10,0
1027,-20.70246506,-203.43608093,1.73653734,0.60291399317091,10,0
1028,-19.04427719,-202.301651,1.73327315,0.600001056975126,10,0
1029,-17.38493919,-201.17076111,1.73312974,0.598222658984093,10,0
1030,-15.74241829,-200.04573059,1.7296046,0.600547846807436,10,0
1031,-14.10895729,-198.93687439,1.72314656,0.596381980422104,10,0
1032,-12.49205208,-197.85067749,1.71727622,0.591530980460009,10,0
1033,-10.59753036,-196.5753479,1.71420276,0.592489374924843,10,0
1034,-8.70062637,-195.30168152,1.70095372,0.591303272838301,10,0
1035,-7.11724329,-194.22151184,1.69886529,0.598673351354194,10,0
1036,-5.51206017,-193.13772583,1.678792,0.593872660352046,10,0
1037,-3.91088581,-192.04759216,1.66692376,0.597746615342732,10,0
1038,-1.98908472,-190.74884033,1.63451838,0.594298573923226,10,0
1039,-0.40307391,-189.68983459,1.61799562,0.588729125830794,10,0
1040,1.47683048,-188.42204285,1.59541667,0.593331587860112,10,0
1041,3.37256789,-187.14273071,1.5739851,0.593637096574753,10,0
1042,4.95356321,-186.0639801,1.55008912,0.598763919583993,10,0
1043,6.87489271,-184.76223755,1.51938128,0.595480067697925,10,0
1044,8.78888416,-183.45933533,1.49729729,0.597672390684458,10,0
1045,10.68469906,-182.1652832,1.48412204,0.598941210739931,10,0
1046,12.53458786,-180.87380981,1.4603498,0.609473652056072,10,0
1047,14.04696369,-179.80429077,1.42679274,0.61552724151143,10,0
1048,15.81463718,-178.50346375,1.37962532,0.634414436479648,10,0
1049,17.55924416,-177.18392944,1.32541847,0.647553036421317,10,0
1050,19.29633331,-175.80818176,1.27145505,0.669834295782548,10,0
1051,21.31116676,-174.14231873,1.19252884,0.690869755573152,10,0
1052,22.99348068,-172.68771362,1.11425686,0.71293530665202,10,0
1053,24.63180923,-171.21220398,1.04350996,0.733156924706295,10,0
1054,26.21377563,-169.71563721,0.960235,0.757664912008515,10,0
1055,27.75057411,-168.21012878,0.87758619,0.775113551193265,10,0
1056,29.48979568,-166.40531921,0.77410424,0.803902660424319,10,0
1057,30.94887352,-164.75506592,0.67178321,0.846805290700157,10,0
1058,32.58623123,-162.72616577,0.52831405,0.891791109369256,10,0
1059,33.93600845,-160.91218567,0.39705426,0.931083830130235,10,0
1060,35.19916153,-159.04374695,0.27154469,0.97632747763571,10,0
1061,36.59038925,-156.8225708,0.10711384,1.01122874159897,10,0
1062,37.70756912,-154.91822815,-0.02680868,1.0402519116285,10,0
1063,38.79619217,-152.98320007,-0.1506497,1.05834022738961,10,0
1064,40.00979614,-150.64085388,-0.30714428,1.09276220849969,10,0
1065,40.97926331,-148.5688324,-0.42844141,1.13316941561748,10,0
1066,42.04740143,-146.07530212,-0.56481731,1.16607995934925,10,0
1067,42.88437271,-143.88549805,-0.68983722,1.20571709551545,10,0
1068,43.77552414,-141.26037598,-0.83429873,1.24353255354803,10,0
1069,44.46021652,-138.97720337,-0.96750391,1.27944376965932,10,0
1070,45.0746994,-136.68031311,-1.08850479,1.30938978658011,10,0
1071,45.71949387,-134.02210999,-1.22726762,1.33282481926055,10,0
1072,46.20479202,-131.75901794,-1.34017432,1.35955519421505,10,0
1073,46.69152069,-129.0901947,-1.47097254,1.39040314313945,10,0
1074,47.03580093,-126.78559113,-1.58138657,1.42250491412929,10,0
1075,47.33467865,-124.45814514,-1.69682956,1.44308082727382,10,0
1076,47.60348892,-121.73815918,-1.835693,1.47228838743009,10,0
1077,47.82024002,-119.0218811,-1.96447825,1.49116795899659,10,0
1078,47.97630692,-116.72908783,-2.08391738,1.50283270608316,10,0
1079,48.09439087,-114.49472046,-2.20255446,1.51799650574708,10,0
1080,48.19965744,-111.95882416,-2.33686805,1.52930954762982,10,0
1081,48.25971985,-109.82406616,-2.45376849,1.54266828185169,10,0
1082,48.29791641,-107.30812836,-2.59404826,1.55561565508396,10,0
1083,48.30170822,-105.14763641,-2.70901918,1.56904126072916,10,0
1084,48.29463577,-102.97976685,-2.84201741,1.57405871169084,10,0
1085,48.26239777,-100.46109009,-2.99794006,1.58359520602243,10,0
1086,48.2453537,-97.98571777,-3.14531994,1.5776816751199,10,0
1087,48.23849869,-95.87585449,-3.27966619,1.57404534579257,10,0
1088,48.20969391,-93.40795898,-3.42947602,1.58246759567828,10,0
1089,48.18896103,-91.27805328,-3.55291367,1.58053019679424,10,0
1090,48.15622711,-88.81435394,-3.69533801,1.58408203641469,10,0
1091,48.11779404,-86.40536499,-3.84278679,1.58674899843186,10,0
1092,48.0981636,-84.39967346,-3.95510149,1.58058338174612,10,0
1093,48.05832291,-82.08572388,-4.09531212,1.58801223943638,10,0
1094,48.01748657,-80.08957672,-4.20547009,1.59125105348423,10,0
1095,47.9792366,-78.1005249,-4.31937408,1.59002420999101,10,0
1096,47.94135284,-75.75588226,-4.43774652,1.58695250476862,10,0
1097,47.94448471,-73.75962067,-4.52279711,1.56922746054703,10,0
1098,47.97504425,-71.43690491,-4.63220263,1.55764027154012,10,0
1099,48.06209946,-69.09747314,-4.74038363,1.53360137138916,10,0
1100,48.17840195,-67.08807373,-4.81275988,1.5129815994072,10,0
1101,48.3242569,-65.10157013,-4.89040375,1.4975048932358,10,0
1102,48.53087234,-63.11462402,-4.97259092,1.46718228792037,10,0
1103,48.76969147,-61.13587952,-5.05185699,1.45068503160262,10,0
1104,49.05850983,-59.13956451,-5.12362862,1.42711749827505,10,0
1105,49.39696503,-57.15092468,-5.16757107,1.40221731557707,10,0
1106,49.77593231,-55.19365692,-5.2365346,1.37954230115646,10,0
1107,50.14875412,-53.56756592,-5.28175879,1.34541674137736,10,0
1108,50.64468002,-51.63113403,-5.32330847,1.3200820194975,10,0
1109,51.17951584,-49.72063446,-5.33376646,1.29783813185919,10,0
1110,51.75954437,-47.83143616,-5.34252262,1.27290835116552,10,0
1111,52.27416992,-46.27235413,-5.347785,1.25197445353316,10,0
1112,52.95123291,-44.43809509,-5.32471991,1.21719004345049,10,0
1113,53.66889191,-42.66216278,-5.28815079,1.18675817064678,10,0
1114,54.44172668,-40.92444611,-5.25852013,1.15232394306923,10,0
1115,55.27765656,-39.21204376,-5.19159985,1.11666382972885,10,0
1116,56.15963364,-37.53728485,-5.11216831,1.08607294074161,10,0
1117,57.25217819,-35.61993408,-5.02224874,1.05286377280362,10,0
1118,58.4418335,-33.76496887,-4.89826918,1.00053617524741,10,0
1119,59.51157761,-32.21124268,-4.79384804,0.967828668340414,10,0
1120,60.65063858,-30.68741417,-4.67775488,0.928897493096879,10,0
1121,62.05331039,-28.96803474,-4.52865362,0.886494491802359,10,0
1122,63.52396011,-27.28652,-4.36034632,0.852193955755566,10,0
1123,65.05420685,-25.63371086,-4.18422651,0.823883784708183,10,0
1124,66.65035248,-24.02923775,-3.98933768,0.787999991945451,10,0
1125,68.27584839,-22.45290184,-3.79349899,0.770045658839021,10,0
1126,69.95178986,-20.91712189,-3.5829432,0.741785214503265,10,0
1127,71.66493988,-19.39550972,-3.3579371,0.726254876162424,10,0
1128,73.41684723,-17.89868355,-3.12609649,0.707041806251618,10,0
1129,75.21221924,-16.43959236,-2.89413691,0.682434450076412,10,0
1130,77.03327942,-15.01036072,-2.65265226,0.665425302854896,10,0
1131,78.88544464,-13.58208656,-2.39908147,0.656892466531854,10,0
1132,80.49729156,-12.35711288,-2.19594574,0.649858659698777,10,0
1133,82.68623352,-10.75756836,-1.92238081,0.631059460282985,10,0
1134,84.35551453,-9.55898094,-1.7236166,0.622721883192542,10,0
1135,86.35878754,-8.17408943,-1.51301455,0.604872896312227,10,0
1136,88.37624359,-6.77567291,-1.3184514,0.606119483717301,10,0
1137,90.71860504,-5.18704414,-1.11081684,0.595956247142601,10,0
1138,92.80076599,-3.76731706,-0.95892656,0.598442461716356,10,0
1139,94.89204407,-2.33345103,-0.82555461,0.601023917180441,10,0
1140,96.98247528,-0.89939338,-0.70603746,0.601275169361234,10,0
1141,99.05096436,0.52887863,-0.61216402,0.6043151805571,10,0
1142,100.80084229,1.75042176,-0.53237176,0.609431732788934,10,0
1143,102.83332062,3.17850399,-0.44679165,0.61248953754306,10,0
1144,104.56439972,4.40997982,-0.39504117,0.618330756800212,10,0
1145,106.57950592,5.83106136,-0.3337028,0.614216872894909,10,0
1146,108.30789948,7.05816221,-0.26658541,0.617383358743552,10,0
1147,110.05394745,8.27181053,-0.2292996,0.607418358533986,10,0
1148,112.08118439,9.70467186,-0.18679839,0.615278533584833,10,0
1149,113.8314743,10.92145443,-0.15545535,0.607489909209069,10,0
1150,115.59335327,12.13961506,-0.13591605,0.604929846789665,10,0
1151,117.6566391,13.55701542,-0.10757536,0.601922388980841,10,0
1152,119.42397308,14.82110977,-0.07667744,0.62089097274122,10,0
1153,121.48433685,16.30164337,-0.03982216,0.623086396667466,10,0
1154,123.51469421,17.84570885,-0.01326007,0.650180665951441,10,0
1155,125.51489258,19.43984985,0.0135445,0.67290376661421,10,0
1156,127.45703888,21.13074303,0.03177124,0.716350276069557,10,0
1157,129.62350464,23.13278961,0.05970448,0.745975467607806,10,0
1158,131.45927429,24.95065308,0.08298892,0.780497278155073,10,0
1159,133.21652222,26.84347153,0.12034369,0.822523030879597,10,0
1160,134.6557312,28.51423073,0.13303977,0.859715250696003,10,0
1161,136.27287292,30.55135727,0.15997112,0.899826040860325,10,0
1162,137.58566284,32.34210968,0.19061327,0.938203118972917,10,0
1163,139.09486389,34.45583725,0.21484238,0.950736191870512,10,0
1164,140.5478363,36.60038757,0.24873722,0.975318529328481,10,0
1165,141.90197754,38.78268433,0.28937823,1.01543087777872,10,0
1166,143.18118286,41.00463104,0.32557416,1.04842579437376,10,0
1167,144.57038879,43.56427765,0.36264634,1.07354912516591,10,0
1168,145.73661804,45.82338715,0.40137696,1.0942459827643,10,0
1169,146.84141541,48.07237244,0.43778372,1.11417915370781,10,0
1170,147.92520142,50.3147583,0.46555591,1.12058295746664,10,0
1171,149.08914185,52.89139557,0.50859004,1.14650592781776,10,0
1172,150.06057739,55.15981293,0.5511111,1.16618141150975,10,0
1173,150.97259521,57.42404175,0.58509797,1.18788363804789,10,0
1174,151.96247864,60.00681305,0.62452257,1.20480020526895,10,0
1175,152.78291321,62.26355743,0.65491712,1.22210350067291,10,0
1176,153.55477905,64.51488495,0.68714851,1.24050607903071,10,0
1177,154.39157104,67.08895874,0.71451187,1.25648782691624,10,0
1178,155.08790588,69.3358078,0.73815906,1.2702671450036,10,0
1179,155.75398254,71.56698608,0.75052792,1.28068746333009,10,0
1180,156.49188232,74.1140976,0.7668469,1.28881508463386,10,0
1181,157.20741272,76.66418457,0.77021271,1.29724005651043,10,0
1182,157.89007568,79.20249939,0.77124524,1.30806958276732,10,0
1183,158.54522705,81.72816467,0.7558558,1.31699265994111,10,0
1184,159.13668823,84.27169037,0.72923344,1.34232073303705,10,0
1185,159.59254456,86.50001526,0.69940507,1.36900701686612,10,0
1186,159.9756012,88.74225616,0.66257662,1.40159325525301,10,0
1187,160.29223633,90.99292755,0.62093383,1.43102886681113,10,0
1188,160.53909302,93.58467865,0.55430728,1.47583572959864,10,0
1189,160.69764709,96.17597198,0.48019916,1.50968528141356,10,0
1190,160.74021912,98.43550873,0.40671182,1.55195751233592,10,0
1191,160.70230103,100.36032104,0.34362453,1.59049340890449,10,0
1192,160.5489502,102.9226532,0.25130832,1.63057317156337,10,0
1193,160.28459167,105.134758,0.16202521,1.68973767266034,10,0
1194,159.915802,107.33307648,0.06190133,1.73700849362804,10,0
1195,159.41397095,109.49032593,-0.04406822,1.79935678944164,10,0
1196,158.79928589,111.60695648,-0.1528554,1.85342945338683,10,0
1197,158.05131531,113.68027496,-0.28438914,1.91702463644252,10,0
1198,157.0836792,115.99501801,-0.43547988,1.96675003855263,10,0
1199,156.08305359,117.96309662,-0.5858835,2.0411633139601,10,0
1200,154.97982788,119.87335968,-0.73759913,2.09452654738177,10,0
1201,153.59468079,121.97786713,-0.92488647,2.15290129814262,10,0
1202,152.30490112,123.759552,-1.08665681,2.19738975236166,10,0
1203,150.72686768,125.74327087,-1.268695,2.24278273042828,10,0
1204,149.31072998,127.43549347,-1.42697525,2.26760684965163,10,0
1205,147.60237122,129.32620239,-1.61500084,2.30557183376242,10,0
1206,146.07174683,130.96539307,-1.79360044,2.32195783421097,10,0
1207,144.29504395,132.7976532,-2.01669383,2.34080146406049,10,0
1208,142.26954651,134.83224487,-2.23530006,2.35395458497242,10,0
1209,140.45558167,136.6287384,-2.43111396,2.36103353605241,10,0
1210,138.62997437,138.39164734,-2.60623646,2.37366465808982,10,0
1211,136.82801819,140.14019775,-2.7857542,2.37123508832723,10,0
1212,135.02946472,141.87005615,-2.96071959,2.37566114968679,10,0
1213,133.24363708,143.5743866,-3.13554287,2.37954082025792,10,0
1214,131.68572998,145.04173279,-3.30096889,2.38612053777023,10,0
1215,129.90516663,146.67886353,-3.47446012,2.39813753324264,10,0
1216,127.91671753,148.48965454,-3.65953398,2.40292193128406,10,0
1217,126.17805481,150.03399658,-3.82092118,2.41531539910524,10,0
1218,124.49856567,151.52209473,-3.97552943,2.41654281605737,10,0
1219,122.65438843,153.12147522,-4.14159918,2.42716342720749,10,0
1220,120.85079193,154.6736908,-4.30967617,2.43096396272794,10,0
1221,119.32607269,155.97114563,-4.4576149,2.43654922867185,10,0
1222,117.86190033,157.21577454,-4.59841347,2.43706591666471,10,0
1223,116.42391968,158.42601013,-4.73287582,2.44198283144304,10,0
1224,115.02301788,159.59524536,-4.86696291,2.44608938343758,10,0
1225,113.66153717,160.71635437,-4.98348999,2.4527165850521,10,0
1226,112.40730286,161.76483154,-5.09216642,2.44531210173303,10,0
1227,111.19338226,162.76298523,-5.20028114,2.45342744064796,10,0
1228,110.02532196,163.73518372,-5.28834295,2.44745344613766,10,0
1229,108.88936615,164.67565918,-5.37736368,2.45006029889988,10,0
1230,107.81437683,165.5511322,-5.44869614,2.45813173111195,10,0
1231,106.80536652,166.37657166,-5.51868153,2.4559310790685,10,0
1232,105.83943176,167.16723633,-5.59424686,2.4556433990479,10,0
1233,104.88004303,167.89854431,-5.66672516,2.4902883549297,10,0
1234,103.92790985,168.57548523,-5.72010231,2.52354020465238,10,0
1235,103.0068512,169.20214844,-5.79138565,2.54416114793579,10,0
1236,101.27009583,170.171875,-5.91877747,2.63235726741044,10,0
1237,99.54322052,170.88684082,-6.04942989,2.74905637468079,10,0
1238,97.88433075,171.31799316,-6.1861248,2.88731437547312,10,0
1239,96.2663269,171.4934845,-6.31665421,3.03355335498212,10,0
1240,94.51496887,171.40429688,-6.44896317,-3.09071177126395,10,0
1241,93.52275848,171.22511292,-6.52957869,-2.96292762105316,10,0
1242,91.85166931,170.66227722,-6.65628719,-2.8167184351049,10,0
1243,90.95524597,170.20031738,-6.71790886,-2.66575110381747,10,0
1244,90.10625458,169.67250061,-6.77593327,-2.58537089228691,10,0
1245,88.76992035,168.56124878,-6.84590435,-2.44789753997714,10,0
1246,87.65092468,167.32249451,-6.87278223,-2.30544450813043,10,0
1247,86.57901764,165.75201416,-6.8872695,-2.16970406151683,10,0
1248,85.60974121,164.1254425,-6.87766743,-2.1081967461927,10,0
1249,85.01509094,163.08351135,-6.86122227,-2.08940763481775,10,0
1250,84.05477905,161.26002502,-6.82674742,-2.05552426193318,10,0
1251,83.54990387,160.25991821,-6.79294634,-2.03829350087441,10,0
1252,83.04381561,159.25114441,-6.75494337,-2.03579227530532,10,0
1253,82.60227203,158.35224915,-6.72552729,-2.02738476699336,10,0
1254,82.12025452,157.31170654,-6.67276096,-2.00460319686381,10,0
1255,81.72181702,156.38432312,-6.62104654,-1.97658732491011,10,0
1256,81.26428986,155.33418274,-6.57852888,-1.981679741465,10,0
1257,80.83069611,154.28474426,-6.50505447,-1.96260210803952,10,0
1258,80.4234848,153.22251892,-6.4398942,-1.93687330492243,10,0
1259,80.0355835,152.1592865,-6.3735218,-1.92062299913223,10,0
1260,79.66397858,151.09672546,-6.30181313,-1.90722677385913,10,0
1261,79.31408691,150.03826904,-6.23464584,-1.89005589059216,10,0
1262,78.96186829,148.8520813,-6.14916515,-1.85943725021978,10,0
1263,78.64821625,147.82066345,-6.06850433,-1.86600844297599,10,0
1264,78.36293793,146.7612915,-5.99294615,-1.83384632712139,10,0
1265,78.09947968,145.69813538,-5.91030025,-1.81371056654583,10,0
1266,77.85207367,144.6494751,-5.82146406,-1.80248544959701,10,0
1267,77.64971924,143.60035706,-5.73506212,-1.76133695188098,10,0
1268,77.47615051,142.40341187,-5.61981583,-1.71480230363764,10,0
1269,77.38409424,141.34036255,-5.5124321,-1.6571772593906,10,0
1270,77.37619781,140.28070068,-5.39156008,-1.57824802819677,10,0
1271,77.50896454,139.11758423,-5.25246811,-1.45714084318385,10,0
1272,77.70550537,138.09317017,-5.12020493,-1.38124286217351,10,0
1273,78.02009583,136.95626831,-4.97520351,-1.30084238966362,10,0
1274,78.40599823,135.97994995,-4.83932495,-1.19438033864113,10,0
1275,78.94207764,134.91957092,-4.68807697,-1.10271498297069,10,0
1276,79.49743652,133.99850464,-4.55347586,-1.0282089658756,10,0
1277,80.14785004,133.13900757,-4.40867472,-0.922997251063861,10,0
1278,80.97973633,132.23162842,-4.25309372,-0.828775960922724,10,0
1279,81.76315308,131.42980957,-4.10579395,-0.797006074215796,10,0
1280,82.76429749,130.55996704,-3.95069504,-0.715335160338547,10,0
1281,83.69467926,129.80050659,-3.808007,-0.684594671030254,10,0
1282,84.80042267,128.90353394,-3.64686584,-0.681529504554438,10,0
1283,85.98480988,128.03155518,-3.48329115,-0.634628461773301,10,0
1284,87.38567352,127.08178711,-3.30185747,-0.595799223562884,10,0
1285,88.83979034,126.10501099,-3.11792922,-0.591500857228681,10,0
1286,90.21177673,125.20437622,-2.94763589,-0.580893234736248,10,0
1287,91.5955658,124.2802887,-2.77826858,-0.58878339962381,10,0
1288,93.14182281,123.22702026,-2.5857141,-0.597978288680741,10,0
1289,94.68023682,122.13985443,-2.39114666,-0.615194878070034,10,0
1290,96.19004059,121.01030731,-2.19243956,-0.642310718934213,10,0
1291,97.69709015,119.84632111,-1.99877381,-0.657659185752114,10,0
1292,99.20653534,118.62532806,-1.79914117,-0.680145396008067,10,0
1293,100.84869385,117.22830963,-1.57031918,-0.704912387085655,10,0
1294,102.17460632,116.04722595,-1.39084363,-0.727692451803527,10,0
1295,103.77241516,114.5528717,-1.16950679,-0.751953609705625,10,0
1296,105.19569397,113.14527893,-0.9687798,-0.779857156318359,10,0
1297,106.45546722,111.83348846,-0.78174174,-0.805623260981009,10,0
1298,107.69831848,110.49858093,-0.5984503,-0.821094740698764,10,0
1299,109.04738617,108.96195984,-0.39486015,-0.850301203891672,10,0
1300,110.22762299,107.54406738,-0.21332693,-0.876616148767844,10,0
1301,111.2540741,106.25855255,-0.04976809,-0.896986117961903,10,0
1302,112.37622833,104.78251648,0.13079947,-0.920768369115169,10,0
1303,113.4732666,103.26396942,0.31515622,-0.945177207128715,10,0
1304,114.51217651,101.73426819,0.48646986,-0.974195175944936,10,0
1305,115.6055603,100.03766632,0.66653877,-0.998328958320582,10,0
1306,116.64025879,98.32692719,0.83393985,-1.02683628551546,10,0
1307,117.52719116,96.76583099,0.9845016,-1.05412738965705,10,0
1308,118.46118164,94.99816895,1.14876938,-1.08470633298148,10,0
1309,119.25331879,93.39600372,1.29666173,-1.11162537373921,10,0
1310,120.07032776,91.59442139,1.45589507,-1.14503958015308,10,0
1311,120.75209045,89.96117401,1.59724641,-1.17535693174621,10,0
1312,121.41679382,88.12792969,1.75892282,-1.22295591108534,10,0
1313,122.0138855,86.25840759,1.92170787,-1.2616540911139,10,0
1314,122.45487213,84.53149414,2.0440712,-1.32077826122888,10,0
1315,122.84420013,82.55198669,2.15557861,-1.37659584507216,10,0
1316,123.08692169,80.50827026,2.2363317,-1.45258525004494,10,0
1317,123.18799591,78.41078949,2.30526447,-1.52264518531653,10,0
1318,123.13851166,76.2893219,2.36336851,-1.5941175779565,10,0
1319,122.94493103,74.13876343,2.4300952,-1.66056850835107,10,0
1320,122.63371277,72.2019043,2.47352982,-1.73011642491705,10,0
1321,122.17350006,70.04261017,2.53344345,-1.78078546510787,10,0
1322,121.6517868,68.13158417,2.59581709,-1.83730374436625,10,0
1323,120.95310211,66.04423523,2.65401816,-1.89379748616735,10,0
1324,120.21933746,64.21962738,2.703269,-1.95315411797481,10,0
1325,119.42227173,62.46286774,2.74390793,-1.99673418521991,10,0
1326,118.35084534,60.3697052,2.79575419,-2.04389450814423,10,0
1327,117.3704834,58.72400665,2.83526468,-2.10805672554746,10,0
1328,116.28339386,57.13930511,2.85633492,-2.17205764791093,10,0
1329,115.12798309,55.60192108,2.87719893,-2.21528445882891,10,0
1330,114.04285431,54.27828217,2.88473988,-2.25749871448225,10,0
1331,112.74845886,52.84631348,2.89129066,-2.30577692087965,10,0
1332,111.38051605,51.47446442,2.90035558,-2.35476874417274,10,0
1333,109.93346405,50.15497589,2.90966868,-2.40227123499267,10,0
1334,108.60983276,49.03669739,2.92142677,-2.44009224510084,10,0
1335,107.073349,47.84398651,2.93522406,-2.48149587430602,10,0
1336,105.5167923,46.6872406,2.947649,-2.50249378688349,10,0
1337,103.9295578,45.55622101,2.95914578,-2.52247854024458,10,0
1338,102.32590485,44.4384079,2.95444179,-2.53285483083668,10,0
1339,100.88730621,43.45290375,2.95275688,-2.54097458445574,10,0
1340,99.23750305,42.33628845,2.94243097,-2.5465955800209,10,0
1341,97.74764252,41.32138824,2.9341588,-2.54359257566791,10,0
1342,96.23972321,40.31003571,2.91789007,-2.55080703225211,10,0
1343,94.70422363,39.2914505,2.9020679,-2.55588449049121,10,0
1344,93.16854095,38.26406097,2.88821101,-2.55196838974277,10,0
1345,91.81393433,37.37329102,2.87065792,-2.55990324567682,10,0
1346,90.26290894,36.34593201,2.84654951,-2.55656773397245,10,0
1347,88.90474701,35.43771362,2.82326579,-2.55217578863471,10,0
1348,87.35887909,34.39771271,2.79511952,-2.54938219311591,10,0
1349,86.00119781,33.48488998,2.76849127,-2.54967299141239,10,0
1350,84.44489288,32.44377899,2.7330308,-2.5520017099822,10,0
1351,82.89865875,31.38904381,2.69406271,-2.54295982753697,10,0
1352,81.53367615,30.46038055,2.65545058,-2.54417802992269,10,0
1353,80.16499329,29.52376938,2.61619663,-2.54147080624031,10,0
1354,78.59716797,28.44911766,2.58230615,-2.54070482088907,10,0
1355,77.22911072,27.49427605,2.54283333,-2.53224087870544,10,0
1356,75.84738159,26.54624367,2.50661087,-2.54024280192849,10,0
1357,74.47901154,25.59042358,2.47396612,-2.53186742551838,10,0
1358,73.11522675,24.64362907,2.43407512,-2.53474265513005,10,0
1359,71.76669312,23.6934166,2.39265895,-2.52776843042647,10,0
1360,70.61063385,22.89491844,2.36271572,-2.53713090988527,10,0
1361,69.27774811,21.96302223,2.3231914,-2.53143277849715,10,0
1362,67.94665527,21.03278732,2.2816515,-2.53163857573312,10,0
1363,66.62628937,20.14034843,2.23675036,-2.54722309359328,10,0
1364,65.30209351,19.25516891,2.18827057,-2.55234559544713,10,0
1365,63.98284531,18.38677979,2.14825487,-2.55944280722243,10,0
1366,62.67446136,17.53206253,2.11256981,-2.56292784118786,10,0
1367,61.18147659,16.58851624,2.05588841,-2.57798507228252,10,0
1368,59.86578751,15.78940678,2.02219939,-2.59577199351297,10,0
1369,58.56209946,15.00485802,1.97971678,-2.59985670501661,10,0
1370,57.25019836,14.27593231,1.91939938,-2.63444069954829,10,0
1371,55.92178345,13.5567131,1.85587978,-2.64536714571873,10,0
1372,54.38437653,12.76805973,1.76526296,-2.66761794734789,10,0
1373,53.0206871,12.11182213,1.66290677,-2.69307983310221,10,0
1374,51.41717529,11.37575626,1.54289114,-2.71125179175855,10,0
1375,49.99526596,10.7260828,1.42182982,-2.71301372622525,10,0
1376,48.53046036,10.08825493,1.28642321,-2.73091663168827,10,0
1377,46.69094467,9.30852222,1.1631422,-2.74067159187143,10,0
1378,44.85135651,8.54291344,1.09728074,-2.74721211944369,10,0
1379,43.14727402,7.88685894,1.08348095,-2.77409263185771,10,0
1380,41.67744827,7.32689095,1.06848431,-2.77759327643083,10,0
1381,40.20063019,6.80221415,1.03619063,-2.80022609909112,10,0
1382,38.68390274,6.31436539,1.00346684,-2.83039765029667,10,0
1383,37.14232254,5.81969929,0.95130473,-2.83108939312501,10,0
1384,35.60246277,5.3676548,0.91537642,-2.85605259105876,10,0
1385,34.27026367,5.00697803,0.85691202,-2.8771931964774,10,0
1386,32.69125748,4.61434317,0.81112689,-2.89787605263098,10,0
1387,31.35245132,4.32248068,0.76666272,-2.92694885726003,10,0
1388,29.78296661,4.02960968,0.71927255,-2.95711110625733,10,0
1389,28.45386505,3.80863738,0.69240665,-2.97684269831136,10,0
1390,27.13524818,3.62724757,0.66179788,-3.00488995486971,10,0
1391,25.81969452,3.47837138,0.61797279,-3.02890588011842,10,0
1392,24.52599144,3.35578918,0.57532799,-3.04712174077866,10,0
1393,23.2506485,3.26318765,0.52647853,-3.06911073082456,10,0
1394,22.207901,3.20344973,0.4880904,-3.08436624488274,10,0
1395,21.172472,3.14884663,0.45505124,-3.08890669633333,10,0
1396,20.15462303,3.11150861,0.4261283,-3.10492583317226,10,0
1397,18.20464325,3.04617238,0.37001821,-3.10809907738951,10,0
1398,16.37272263,2.98679018,0.32236812,-3.10918873070938,10,0
1399,14.6519537,2.93019176,0.27340421,-3.108713152987,10,0
1400,13.03697872,2.89418316,0.23562557,-3.11929965519031,10,0
1401,11.68061352,2.85313177,0.20216869,-3.11133615458398,10,0
1402,10.27063274,2.83562493,0.16001382,-3.12917692376053,10,0
1403,8.95804691,2.80518317,0.11978245,-3.11840460517659,10,0
1404,7.74549675,2.79126835,0.08778451,-3.13011749182834,10,0
1405,6.62169361,2.78684998,0.05636282,-3.13766105109015,10,0
1406,5.60147333,2.78093052,0.02239042,-3.13579057957545,10,0
1407,4.45127106,2.77302146,-0.01494899,-3.13471652792373,10,0
1408,3.16951132,2.76292276,-0.06476326,-3.13371403895302,10,0
1409,2.11896181,2.76049519,-0.10332136,-3.13928189559492,10,0
